-- MySQL dump 10.13  Distrib 6.0.10-alpha, for Win32 (ia32)
--
-- Host: localhost    Database: jungla
-- ------------------------------------------------------
-- Server version	6.0.10-alpha-community

/*!40101 SET @OLD_CHARACTER_SET_CLIENT=@@CHARACTER_SET_CLIENT */;
/*!40101 SET @OLD_CHARACTER_SET_RESULTS=@@CHARACTER_SET_RESULTS */;
/*!40101 SET @OLD_COLLATION_CONNECTION=@@COLLATION_CONNECTION */;
/*!40101 SET NAMES utf8 */;
/*!40103 SET @OLD_TIME_ZONE=@@TIME_ZONE */;
/*!40103 SET TIME_ZONE='+00:00' */;
/*!40014 SET @OLD_UNIQUE_CHECKS=@@UNIQUE_CHECKS, UNIQUE_CHECKS=0 */;
/*!40014 SET @OLD_FOREIGN_KEY_CHECKS=@@FOREIGN_KEY_CHECKS, FOREIGN_KEY_CHECKS=0 */;
/*!40101 SET @OLD_SQL_MODE=@@SQL_MODE, SQL_MODE='NO_AUTO_VALUE_ON_ZERO' */;
/*!40111 SET @OLD_SQL_NOTES=@@SQL_NOTES, SQL_NOTES=0 */;

--
-- Table structure for table `alertavencimiento`
--

DROP TABLE IF EXISTS `alertavencimiento`;
SET @saved_cs_client     = @@character_set_client;
SET character_set_client = utf8;
CREATE TABLE `alertavencimiento` (
  `IDALERTA` int(11) NOT NULL AUTO_INCREMENT,
  `LOTE` varchar(255) DEFAULT NULL,
  `FECHAVENCIMIENTO` datetime DEFAULT NULL,
  `CANTIDAD` int(11) DEFAULT NULL,
  `FECHAGENERACION` datetime DEFAULT NULL,
  `OBSERVACIONES` varchar(255) DEFAULT NULL,
  `ARTICULO_CODIGO` int(11) DEFAULT NULL,
  PRIMARY KEY (`IDALERTA`),
  KEY `FK_ALERTAVENCIMIENTO_ARTICULO_CODIGO` (`ARTICULO_CODIGO`),
  CONSTRAINT `FK_ALERTAVENCIMIENTO_ARTICULO_CODIGO` FOREIGN KEY (`ARTICULO_CODIGO`) REFERENCES `articulo` (`CODIGO`)
) ENGINE=InnoDB DEFAULT CHARSET=latin1;
SET character_set_client = @saved_cs_client;

--
-- Dumping data for table `alertavencimiento`
--

LOCK TABLES `alertavencimiento` WRITE;
/*!40000 ALTER TABLE `alertavencimiento` DISABLE KEYS */;
/*!40000 ALTER TABLE `alertavencimiento` ENABLE KEYS */;
UNLOCK TABLES;

--
-- Table structure for table `anticipocliente`
--

DROP TABLE IF EXISTS `anticipocliente`;
SET @saved_cs_client     = @@character_set_client;
SET character_set_client = utf8;
CREATE TABLE `anticipocliente` (
  `IDANTICIPOCLIENTE` int(11) NOT NULL AUTO_INCREMENT,
  `ESTADOANTICIPO` varchar(255) DEFAULT NULL,
  `VALORANTICIPO` double DEFAULT NULL,
  `RECIBOCAJA` int(11) DEFAULT NULL,
  `FECHAANTICIPO` datetime DEFAULT NULL,
  `ESTADOACTIVIDAD` varchar(255) DEFAULT NULL,
  `OBSERVACIONES` varchar(255) DEFAULT NULL,
  `IDENTIFICACIONCLIENTE` varchar(255) DEFAULT NULL,
  PRIMARY KEY (`IDANTICIPOCLIENTE`)
) ENGINE=InnoDB DEFAULT CHARSET=latin1;
SET character_set_client = @saved_cs_client;

--
-- Dumping data for table `anticipocliente`
--

LOCK TABLES `anticipocliente` WRITE;
/*!40000 ALTER TABLE `anticipocliente` DISABLE KEYS */;
/*!40000 ALTER TABLE `anticipocliente` ENABLE KEYS */;
UNLOCK TABLES;

--
-- Table structure for table `anticipoproveedor`
--

DROP TABLE IF EXISTS `anticipoproveedor`;
SET @saved_cs_client     = @@character_set_client;
SET character_set_client = utf8;
CREATE TABLE `anticipoproveedor` (
  `IDANTICIPOPROVEEDOR` int(11) NOT NULL AUTO_INCREMENT,
  `CONCEPTO` varchar(255) DEFAULT NULL,
  `ESTADOANTICIPO` varchar(255) DEFAULT NULL,
  `IDENTIFICACIONPROV` varchar(255) DEFAULT NULL,
  `VALORANTICIPO` double DEFAULT NULL,
  `FECHAGENERACION` datetime DEFAULT NULL,
  `OBSERVACIONES` varchar(255) DEFAULT NULL,
  `CXP` int(11) DEFAULT NULL,
  `EGRESO` int(11) DEFAULT NULL,
  `FECHAANTICIPO` datetime DEFAULT NULL,
  `ESTADOACTIVIDAD` varchar(255) DEFAULT NULL,
  `FECHAEGRESO` datetime DEFAULT NULL,
  `MEDIOPAGOPROV_IDMEDIOPAGOPROV` int(11) DEFAULT NULL,
  PRIMARY KEY (`IDANTICIPOPROVEEDOR`),
  KEY `FK_ANTICIPOPROVEEDOR_MEDIOPAGOPROV_IDMEDIOPAGOPROV` (`MEDIOPAGOPROV_IDMEDIOPAGOPROV`),
  CONSTRAINT `FK_ANTICIPOPROVEEDOR_MEDIOPAGOPROV_IDMEDIOPAGOPROV` FOREIGN KEY (`MEDIOPAGOPROV_IDMEDIOPAGOPROV`) REFERENCES `mediopagoprov` (`IDMEDIOPAGOPROV`)
) ENGINE=InnoDB DEFAULT CHARSET=latin1;
SET character_set_client = @saved_cs_client;

--
-- Dumping data for table `anticipoproveedor`
--

LOCK TABLES `anticipoproveedor` WRITE;
/*!40000 ALTER TABLE `anticipoproveedor` DISABLE KEYS */;
/*!40000 ALTER TABLE `anticipoproveedor` ENABLE KEYS */;
UNLOCK TABLES;

--
-- Table structure for table `articulo`
--

DROP TABLE IF EXISTS `articulo`;
SET @saved_cs_client     = @@character_set_client;
SET character_set_client = utf8;
CREATE TABLE `articulo` (
  `CODIGO` int(11) NOT NULL AUTO_INCREMENT,
  `DESCRIPCION` varchar(255) DEFAULT NULL,
  `REFERENCIA` varchar(255) DEFAULT NULL,
  `NOMBRE` varchar(255) DEFAULT NULL,
  `ESTADO` varchar(255) DEFAULT NULL,
  `PRESENTACION` varchar(255) DEFAULT NULL,
  `UNIDADMEDIDA_CODIGO` int(11) DEFAULT NULL,
  `LINEAARTICULOS_CODIGO` int(11) DEFAULT NULL,
  PRIMARY KEY (`CODIGO`),
  KEY `FK_ARTICULO_LINEAARTICULOS_CODIGO` (`LINEAARTICULOS_CODIGO`),
  KEY `FK_ARTICULO_UNIDADMEDIDA_CODIGO` (`UNIDADMEDIDA_CODIGO`),
  CONSTRAINT `FK_ARTICULO_UNIDADMEDIDA_CODIGO` FOREIGN KEY (`UNIDADMEDIDA_CODIGO`) REFERENCES `unidadmedida` (`CODIGO`),
  CONSTRAINT `FK_ARTICULO_LINEAARTICULOS_CODIGO` FOREIGN KEY (`LINEAARTICULOS_CODIGO`) REFERENCES `lineaarticulos` (`CODIGO`)
) ENGINE=InnoDB DEFAULT CHARSET=latin1;
SET character_set_client = @saved_cs_client;

--
-- Dumping data for table `articulo`
--

LOCK TABLES `articulo` WRITE;
/*!40000 ALTER TABLE `articulo` DISABLE KEYS */;
/*!40000 ALTER TABLE `articulo` ENABLE KEYS */;
UNLOCK TABLES;

--
-- Table structure for table `banco`
--

DROP TABLE IF EXISTS `banco`;
SET @saved_cs_client     = @@character_set_client;
SET character_set_client = utf8;
CREATE TABLE `banco` (
  `IDBANCO` int(11) NOT NULL AUTO_INCREMENT,
  `SALDOACTUAL` double DEFAULT NULL,
  `ESTADO` varchar(255) DEFAULT NULL,
  `NROCUENTA` varchar(255) DEFAULT NULL,
  `ENTIDAD` varchar(255) DEFAULT NULL,
  `TIPOCUENTA` varchar(255) DEFAULT NULL,
  `NOMBRETITULAR` varchar(255) DEFAULT NULL,
  PRIMARY KEY (`IDBANCO`)
) ENGINE=InnoDB DEFAULT CHARSET=latin1;
SET character_set_client = @saved_cs_client;

--
-- Dumping data for table `banco`
--

LOCK TABLES `banco` WRITE;
/*!40000 ALTER TABLE `banco` DISABLE KEYS */;
/*!40000 ALTER TABLE `banco` ENABLE KEYS */;
UNLOCK TABLES;

--
-- Table structure for table `cliente`
--

DROP TABLE IF EXISTS `cliente`;
SET @saved_cs_client     = @@character_set_client;
SET character_set_client = utf8;
CREATE TABLE `cliente` (
  `IDENTIFICACION` varchar(255) NOT NULL,
  `NOMBRECOMERCIAL` varchar(255) DEFAULT NULL,
  `CONTACTO` varchar(255) DEFAULT NULL,
  `ESTADO` varchar(255) DEFAULT NULL,
  `FECHANACIMIENTO` datetime DEFAULT NULL,
  `TIPOCLIENTES_IDTIPOCLIENTE` int(11) DEFAULT NULL,
  PRIMARY KEY (`IDENTIFICACION`),
  KEY `FK_CLIENTE_TIPOCLIENTES_IDTIPOCLIENTE` (`TIPOCLIENTES_IDTIPOCLIENTE`),
  CONSTRAINT `FK_CLIENTE_TIPOCLIENTES_IDTIPOCLIENTE` FOREIGN KEY (`TIPOCLIENTES_IDTIPOCLIENTE`) REFERENCES `tipocliente` (`IDTIPOCLIENTE`),
  CONSTRAINT `FK_CLIENTE_IDENTIFICACION` FOREIGN KEY (`IDENTIFICACION`) REFERENCES `persona` (`IDENTIFICACION`)
) ENGINE=InnoDB DEFAULT CHARSET=latin1;
SET character_set_client = @saved_cs_client;

--
-- Dumping data for table `cliente`
--

LOCK TABLES `cliente` WRITE;
/*!40000 ALTER TABLE `cliente` DISABLE KEYS */;
INSERT INTO `cliente` VALUES ('0000000001','','','Activo','2016-09-16 21:10:07',1);
/*!40000 ALTER TABLE `cliente` ENABLE KEYS */;
UNLOCK TABLES;

--
-- Table structure for table `compraarticulos`
--

DROP TABLE IF EXISTS `compraarticulos`;
SET @saved_cs_client     = @@character_set_client;
SET character_set_client = utf8;
CREATE TABLE `compraarticulos` (
  `IDCOMPRA` int(11) NOT NULL AUTO_INCREMENT,
  `FECHAGENERACION` datetime DEFAULT NULL,
  `ESTADOPAGO` varchar(255) DEFAULT NULL,
  `OBSERVACIONES` varchar(255) DEFAULT NULL,
  `SUBTOTAL` double DEFAULT NULL,
  `TOTALCOMPRA` double DEFAULT NULL,
  `CUENTAXPAGAR` int(11) DEFAULT NULL,
  `FACTPROV` int(11) DEFAULT NULL,
  `DESCUENTO` double DEFAULT NULL,
  `ORDCOMPRA` int(11) DEFAULT NULL,
  `FECHAANULACION` datetime DEFAULT NULL,
  `EGRESO` int(11) DEFAULT NULL,
  `ITEM` int(11) DEFAULT NULL,
  `FECHAENTREGA` datetime DEFAULT NULL,
  `ESTADOACTIVIDAD` varchar(255) DEFAULT NULL,
  `FECHAPAGO` datetime DEFAULT NULL,
  `FECHACAUSACION` datetime DEFAULT NULL,
  `MEDIOPAGOPROV_IDMEDIOPAGOPROV` int(11) DEFAULT NULL,
  `PROVEEDORES_IDENTIFICACION` varchar(255) DEFAULT NULL,
  PRIMARY KEY (`IDCOMPRA`),
  KEY `FK_COMPRAARTICULOS_MEDIOPAGOPROV_IDMEDIOPAGOPROV` (`MEDIOPAGOPROV_IDMEDIOPAGOPROV`),
  KEY `FK_COMPRAARTICULOS_PROVEEDORES_IDENTIFICACION` (`PROVEEDORES_IDENTIFICACION`),
  CONSTRAINT `FK_COMPRAARTICULOS_PROVEEDORES_IDENTIFICACION` FOREIGN KEY (`PROVEEDORES_IDENTIFICACION`) REFERENCES `persona` (`IDENTIFICACION`),
  CONSTRAINT `FK_COMPRAARTICULOS_MEDIOPAGOPROV_IDMEDIOPAGOPROV` FOREIGN KEY (`MEDIOPAGOPROV_IDMEDIOPAGOPROV`) REFERENCES `mediopagoprov` (`IDMEDIOPAGOPROV`)
) ENGINE=InnoDB DEFAULT CHARSET=latin1;
SET character_set_client = @saved_cs_client;

--
-- Dumping data for table `compraarticulos`
--

LOCK TABLES `compraarticulos` WRITE;
/*!40000 ALTER TABLE `compraarticulos` DISABLE KEYS */;
/*!40000 ALTER TABLE `compraarticulos` ENABLE KEYS */;
UNLOCK TABLES;

--
-- Table structure for table `contabilizacion`
--

DROP TABLE IF EXISTS `contabilizacion`;
SET @saved_cs_client     = @@character_set_client;
SET character_set_client = utf8;
CREATE TABLE `contabilizacion` (
  `IDCONTABILIZACION` int(11) NOT NULL AUTO_INCREMENT,
  `SALDODEBITO` double DEFAULT NULL,
  `NOMBRECUENTA` varchar(255) DEFAULT NULL,
  `CODIGOCUENTA` int(11) DEFAULT NULL,
  `FECHAGENERACION` datetime DEFAULT NULL,
  `SALDOCREDITO` double DEFAULT NULL,
  PRIMARY KEY (`IDCONTABILIZACION`)
) ENGINE=InnoDB DEFAULT CHARSET=latin1;
SET character_set_client = @saved_cs_client;

--
-- Dumping data for table `contabilizacion`
--

LOCK TABLES `contabilizacion` WRITE;
/*!40000 ALTER TABLE `contabilizacion` DISABLE KEYS */;
/*!40000 ALTER TABLE `contabilizacion` ENABLE KEYS */;
UNLOCK TABLES;

--
-- Table structure for table `controlinventario`
--

DROP TABLE IF EXISTS `controlinventario`;
SET @saved_cs_client     = @@character_set_client;
SET character_set_client = utf8;
CREATE TABLE `controlinventario` (
  `IDINVENTARIO` int(11) NOT NULL AUTO_INCREMENT,
  `PROVEEDORULTIMACOMPRA` varchar(255) DEFAULT NULL,
  `TOTALCOSTOINVENTARIO` double DEFAULT NULL,
  `CANTEXISTENCIA` int(11) DEFAULT NULL,
  `COSTOPROMEDIO` double DEFAULT NULL,
  `PRECIOTOTALVENTA` double DEFAULT NULL,
  `FACTORRENTABILIDAD` float DEFAULT NULL,
  `COSTOULTIMACOMPRA` double DEFAULT NULL,
  `CANTALERTA` int(11) DEFAULT NULL,
  `RENTABILIDADCOSTOPROMEDIO` float DEFAULT NULL,
  `URLFOTO` varchar(255) DEFAULT NULL,
  `RENTABILIDADVENTA` float DEFAULT NULL,
  `ARTICULO_CODIGO` int(11) DEFAULT NULL,
  PRIMARY KEY (`IDINVENTARIO`),
  KEY `FK_CONTROLINVENTARIO_ARTICULO_CODIGO` (`ARTICULO_CODIGO`),
  CONSTRAINT `FK_CONTROLINVENTARIO_ARTICULO_CODIGO` FOREIGN KEY (`ARTICULO_CODIGO`) REFERENCES `articulo` (`CODIGO`)
) ENGINE=InnoDB DEFAULT CHARSET=latin1;
SET character_set_client = @saved_cs_client;

--
-- Dumping data for table `controlinventario`
--

LOCK TABLES `controlinventario` WRITE;
/*!40000 ALTER TABLE `controlinventario` DISABLE KEYS */;
/*!40000 ALTER TABLE `controlinventario` ENABLE KEYS */;
UNLOCK TABLES;

--
-- Table structure for table `cotizacion`
--

DROP TABLE IF EXISTS `cotizacion`;
SET @saved_cs_client     = @@character_set_client;
SET character_set_client = utf8;
CREATE TABLE `cotizacion` (
  `IDCOTIZACION` int(11) NOT NULL AUTO_INCREMENT,
  `DIRECCION` varchar(255) DEFAULT NULL,
  `CIUDAD` varchar(255) DEFAULT NULL,
  `FECHA` datetime DEFAULT NULL,
  `TELEFONO` varchar(255) DEFAULT NULL,
  `NOMBRECLIENTE` varchar(255) DEFAULT NULL,
  `OBSERVACIONES` varchar(255) DEFAULT NULL,
  `SUBTOTAL` double DEFAULT NULL,
  `DIASVALIDEZ` int(11) DEFAULT NULL,
  `CONTACTO` varchar(255) DEFAULT NULL,
  `DESCUENTO` double DEFAULT NULL,
  `TOTALCOTIZADO` double DEFAULT NULL,
  `ITEMS` int(11) DEFAULT NULL,
  `IDENTIFICACIONCLIENTE` varchar(255) DEFAULT NULL,
  PRIMARY KEY (`IDCOTIZACION`)
) ENGINE=InnoDB DEFAULT CHARSET=latin1;
SET character_set_client = @saved_cs_client;

--
-- Dumping data for table `cotizacion`
--

LOCK TABLES `cotizacion` WRITE;
/*!40000 ALTER TABLE `cotizacion` DISABLE KEYS */;
/*!40000 ALTER TABLE `cotizacion` ENABLE KEYS */;
UNLOCK TABLES;

--
-- Table structure for table `cuentaxpagar`
--

DROP TABLE IF EXISTS `cuentaxpagar`;
SET @saved_cs_client     = @@character_set_client;
SET character_set_client = utf8;
CREATE TABLE `cuentaxpagar` (
  `IDCUENTAXPAGAR` int(11) NOT NULL AUTO_INCREMENT,
  `CONCEPTO` varchar(255) DEFAULT NULL,
  `COMPRA` int(11) DEFAULT NULL,
  `IDENTIFICACIONPROV` varchar(255) DEFAULT NULL,
  `DOCSOPORTE` int(11) DEFAULT NULL,
  `FECHAGENERACION` datetime DEFAULT NULL,
  `OBSERVACIONES` varchar(255) DEFAULT NULL,
  `SUBTOTAL` double DEFAULT NULL,
  `ESTADO` varchar(255) DEFAULT NULL,
  `TOTALPAGAR` double DEFAULT NULL,
  `OTROS` double DEFAULT NULL,
  `FECHAPAGO` datetime DEFAULT NULL,
  `FECHACAUSACION` datetime DEFAULT NULL,
  PRIMARY KEY (`IDCUENTAXPAGAR`)
) ENGINE=InnoDB DEFAULT CHARSET=latin1;
SET character_set_client = @saved_cs_client;

--
-- Dumping data for table `cuentaxpagar`
--

LOCK TABLES `cuentaxpagar` WRITE;
/*!40000 ALTER TABLE `cuentaxpagar` DISABLE KEYS */;
/*!40000 ALTER TABLE `cuentaxpagar` ENABLE KEYS */;
UNLOCK TABLES;

--
-- Table structure for table `departamento`
--

DROP TABLE IF EXISTS `departamento`;
SET @saved_cs_client     = @@character_set_client;
SET character_set_client = utf8;
CREATE TABLE `departamento` (
  `IDDEPARTAMENTO` int(11) NOT NULL,
  `NOMBRE` varchar(255) DEFAULT NULL,
  PRIMARY KEY (`IDDEPARTAMENTO`)
) ENGINE=InnoDB DEFAULT CHARSET=latin1;
SET character_set_client = @saved_cs_client;

--
-- Dumping data for table `departamento`
--

LOCK TABLES `departamento` WRITE;
/*!40000 ALTER TABLE `departamento` DISABLE KEYS */;
INSERT INTO `departamento` VALUES (1,'AMAZONAS'),(2,'ANTIOQUIA'),(3,'ARAUCA'),(4,'ATLÁNTICO'),(5,'BOLÍVAR'),(6,'BOYACÁ'),(7,'CALDAS'),(8,'CAQUETÁ'),(9,'CASANARE'),(10,'CAUCA'),(11,'CESAR'),(12,'CHOCÓ'),(13,'CÓRDOBA'),(14,'CUNDINAMARCA'),(15,'GUAINÍA'),(16,'GUAVIARE'),(17,'HUILA'),(18,'LA GUAJIRA'),(19,'MAGDALENA'),(20,'META'),(21,'NARIÑO'),(22,'NORTE DE SANTANDER'),(23,'PUTUMAYO'),(24,'QUINDÍO'),(25,'RISARALDA'),(26,'SAN ANDRÉS Y ROVIDENCIA'),(27,'SANTANDER'),(28,'SUCRE'),(29,'TOLIMA'),(30,'VALLE DEL CAUCA'),(31,'VAUPÉS'),(32,'VICHADA');
/*!40000 ALTER TABLE `departamento` ENABLE KEYS */;
UNLOCK TABLES;

--
-- Table structure for table `detallecompra`
--

DROP TABLE IF EXISTS `detallecompra`;
SET @saved_cs_client     = @@character_set_client;
SET character_set_client = utf8;
CREATE TABLE `detallecompra` (
  `IDDETALLECOMPRA` int(11) NOT NULL AUTO_INCREMENT,
  `TOTAL` double DEFAULT NULL,
  `CANTIDAD` int(11) DEFAULT NULL,
  `COSTO` double DEFAULT NULL,
  `COMPRAARTICULOS_IDCOMPRA` int(11) DEFAULT NULL,
  `ARTICULO_CODIGO` int(11) DEFAULT NULL,
  PRIMARY KEY (`IDDETALLECOMPRA`),
  KEY `FK_DETALLECOMPRA_COMPRAARTICULOS_IDCOMPRA` (`COMPRAARTICULOS_IDCOMPRA`),
  KEY `FK_DETALLECOMPRA_ARTICULO_CODIGO` (`ARTICULO_CODIGO`),
  CONSTRAINT `FK_DETALLECOMPRA_ARTICULO_CODIGO` FOREIGN KEY (`ARTICULO_CODIGO`) REFERENCES `articulo` (`CODIGO`),
  CONSTRAINT `FK_DETALLECOMPRA_COMPRAARTICULOS_IDCOMPRA` FOREIGN KEY (`COMPRAARTICULOS_IDCOMPRA`) REFERENCES `compraarticulos` (`IDCOMPRA`)
) ENGINE=InnoDB DEFAULT CHARSET=latin1;
SET character_set_client = @saved_cs_client;

--
-- Dumping data for table `detallecompra`
--

LOCK TABLES `detallecompra` WRITE;
/*!40000 ALTER TABLE `detallecompra` DISABLE KEYS */;
/*!40000 ALTER TABLE `detallecompra` ENABLE KEYS */;
UNLOCK TABLES;

--
-- Table structure for table `detallecotizacion`
--

DROP TABLE IF EXISTS `detallecotizacion`;
SET @saved_cs_client     = @@character_set_client;
SET character_set_client = utf8;
CREATE TABLE `detallecotizacion` (
  `IDDETALLECOTIZACION` int(11) NOT NULL AUTO_INCREMENT,
  `TOTAL` double DEFAULT NULL,
  `CANTIDAD` int(11) DEFAULT NULL,
  `VLRUNITARIO` double DEFAULT NULL,
  `COTIZACION_IDCOTIZACION` int(11) DEFAULT NULL,
  `ARTICULO_CODIGO` int(11) DEFAULT NULL,
  PRIMARY KEY (`IDDETALLECOTIZACION`),
  KEY `FK_DETALLECOTIZACION_ARTICULO_CODIGO` (`ARTICULO_CODIGO`),
  KEY `FK_DETALLECOTIZACION_COTIZACION_IDCOTIZACION` (`COTIZACION_IDCOTIZACION`),
  CONSTRAINT `FK_DETALLECOTIZACION_COTIZACION_IDCOTIZACION` FOREIGN KEY (`COTIZACION_IDCOTIZACION`) REFERENCES `cotizacion` (`IDCOTIZACION`),
  CONSTRAINT `FK_DETALLECOTIZACION_ARTICULO_CODIGO` FOREIGN KEY (`ARTICULO_CODIGO`) REFERENCES `articulo` (`CODIGO`)
) ENGINE=InnoDB DEFAULT CHARSET=latin1;
SET character_set_client = @saved_cs_client;

--
-- Dumping data for table `detallecotizacion`
--

LOCK TABLES `detallecotizacion` WRITE;
/*!40000 ALTER TABLE `detallecotizacion` DISABLE KEYS */;
/*!40000 ALTER TABLE `detallecotizacion` ENABLE KEYS */;
UNLOCK TABLES;

--
-- Table structure for table `detalledevolucioncliente`
--

DROP TABLE IF EXISTS `detalledevolucioncliente`;
SET @saved_cs_client     = @@character_set_client;
SET character_set_client = utf8;
CREATE TABLE `detalledevolucioncliente` (
  `IDDETALLEDEVOLUCIONCLIENTE` int(11) NOT NULL AUTO_INCREMENT,
  `CODIGOARTICULO` int(11) DEFAULT NULL,
  `VLRUNITARIO` double DEFAULT NULL,
  `CANTIDADDEVUELTA` int(11) DEFAULT NULL,
  `DEVOLUCIONCLIENTE_IDDEVOLUCIONCLIENTE` int(11) DEFAULT NULL,
  PRIMARY KEY (`IDDETALLEDEVOLUCIONCLIENTE`),
  KEY `DTLLDVLUCIONCLIENTEDVLCNCLIENTEIDDEVOLUCIONCLIENTE` (`DEVOLUCIONCLIENTE_IDDEVOLUCIONCLIENTE`),
  CONSTRAINT `DTLLDVLUCIONCLIENTEDVLCNCLIENTEIDDEVOLUCIONCLIENTE` FOREIGN KEY (`DEVOLUCIONCLIENTE_IDDEVOLUCIONCLIENTE`) REFERENCES `devolucioncliente` (`IDDEVOLUCIONCLIENTE`)
) ENGINE=InnoDB DEFAULT CHARSET=latin1;
SET character_set_client = @saved_cs_client;

--
-- Dumping data for table `detalledevolucioncliente`
--

LOCK TABLES `detalledevolucioncliente` WRITE;
/*!40000 ALTER TABLE `detalledevolucioncliente` DISABLE KEYS */;
/*!40000 ALTER TABLE `detalledevolucioncliente` ENABLE KEYS */;
UNLOCK TABLES;

--
-- Table structure for table `detalledevolucionproveedor`
--

DROP TABLE IF EXISTS `detalledevolucionproveedor`;
SET @saved_cs_client     = @@character_set_client;
SET character_set_client = utf8;
CREATE TABLE `detalledevolucionproveedor` (
  `IDDETALLEDEVOLUCIONPROVEEDOR` int(11) NOT NULL AUTO_INCREMENT,
  `CODIGOARTICULO` int(11) DEFAULT NULL,
  `COSTO` double DEFAULT NULL,
  `CANTIDADDEVUELTA` int(11) DEFAULT NULL,
  `DEVOLUCIONPROVEEDOR_IDDEVOLUCIONPROVEEDOR` int(11) DEFAULT NULL,
  PRIMARY KEY (`IDDETALLEDEVOLUCIONPROVEEDOR`),
  KEY `DTLLDVLCNPROVEEDORDVLCNPRVDORIDDEVOLUCIONPROVEEDOR` (`DEVOLUCIONPROVEEDOR_IDDEVOLUCIONPROVEEDOR`),
  CONSTRAINT `DTLLDVLCNPROVEEDORDVLCNPRVDORIDDEVOLUCIONPROVEEDOR` FOREIGN KEY (`DEVOLUCIONPROVEEDOR_IDDEVOLUCIONPROVEEDOR`) REFERENCES `devolucionproveedor` (`IDDEVOLUCIONPROVEEDOR`)
) ENGINE=InnoDB DEFAULT CHARSET=latin1;
SET character_set_client = @saved_cs_client;

--
-- Dumping data for table `detalledevolucionproveedor`
--

LOCK TABLES `detalledevolucionproveedor` WRITE;
/*!40000 ALTER TABLE `detalledevolucionproveedor` DISABLE KEYS */;
/*!40000 ALTER TABLE `detalledevolucionproveedor` ENABLE KEYS */;
UNLOCK TABLES;

--
-- Table structure for table `detalleentradaosalida`
--

DROP TABLE IF EXISTS `detalleentradaosalida`;
SET @saved_cs_client     = @@character_set_client;
SET character_set_client = utf8;
CREATE TABLE `detalleentradaosalida` (
  `IDDETALLEENTRADAOSALIDA` int(11) NOT NULL AUTO_INCREMENT,
  `TOTAL` double DEFAULT NULL,
  `CANTIDAD` int(11) DEFAULT NULL,
  `COSTOUNITARIO` double DEFAULT NULL,
  `ENTRADAOSALIDAARTICULO_IDENTRADAOSALIDA` int(11) DEFAULT NULL,
  `ARTICULO_CODIGO` int(11) DEFAULT NULL,
  PRIMARY KEY (`IDDETALLEENTRADAOSALIDA`),
  KEY `DTLLNTRADAOSALIDANTRDSLIDAARTICULOIDENTRADAOSALIDA` (`ENTRADAOSALIDAARTICULO_IDENTRADAOSALIDA`),
  KEY `FK_DETALLEENTRADAOSALIDA_ARTICULO_CODIGO` (`ARTICULO_CODIGO`),
  CONSTRAINT `FK_DETALLEENTRADAOSALIDA_ARTICULO_CODIGO` FOREIGN KEY (`ARTICULO_CODIGO`) REFERENCES `articulo` (`CODIGO`),
  CONSTRAINT `DTLLNTRADAOSALIDANTRDSLIDAARTICULOIDENTRADAOSALIDA` FOREIGN KEY (`ENTRADAOSALIDAARTICULO_IDENTRADAOSALIDA`) REFERENCES `entradaosalidaarticulo` (`IDENTRADAOSALIDA`)
) ENGINE=InnoDB DEFAULT CHARSET=latin1;
SET character_set_client = @saved_cs_client;

--
-- Dumping data for table `detalleentradaosalida`
--

LOCK TABLES `detalleentradaosalida` WRITE;
/*!40000 ALTER TABLE `detalleentradaosalida` DISABLE KEYS */;
/*!40000 ALTER TABLE `detalleentradaosalida` ENABLE KEYS */;
UNLOCK TABLES;

--
-- Table structure for table `detalleordencompra`
--

DROP TABLE IF EXISTS `detalleordencompra`;
SET @saved_cs_client     = @@character_set_client;
SET character_set_client = utf8;
CREATE TABLE `detalleordencompra` (
  `IDDETALLEORDENCOMPRA` int(11) NOT NULL AUTO_INCREMENT,
  `TOTAL` double DEFAULT NULL,
  `CANTIDAD` int(11) DEFAULT NULL,
  `COSTO` double DEFAULT NULL,
  `ARTICULO_CODIGO` int(11) DEFAULT NULL,
  `ORDENCOMPRAARTICULOS_IDORDENCOMPRA` int(11) DEFAULT NULL,
  PRIMARY KEY (`IDDETALLEORDENCOMPRA`),
  KEY `FK_DETALLEORDENCOMPRA_ARTICULO_CODIGO` (`ARTICULO_CODIGO`),
  KEY `DETALLEORDENCOMPRARDENCOMPRAARTICULOSIDORDENCOMPRA` (`ORDENCOMPRAARTICULOS_IDORDENCOMPRA`),
  CONSTRAINT `DETALLEORDENCOMPRARDENCOMPRAARTICULOSIDORDENCOMPRA` FOREIGN KEY (`ORDENCOMPRAARTICULOS_IDORDENCOMPRA`) REFERENCES `ordencompraarticulos` (`IDORDENCOMPRA`),
  CONSTRAINT `FK_DETALLEORDENCOMPRA_ARTICULO_CODIGO` FOREIGN KEY (`ARTICULO_CODIGO`) REFERENCES `articulo` (`CODIGO`)
) ENGINE=InnoDB DEFAULT CHARSET=latin1;
SET character_set_client = @saved_cs_client;

--
-- Dumping data for table `detalleordencompra`
--

LOCK TABLES `detalleordencompra` WRITE;
/*!40000 ALTER TABLE `detalleordencompra` DISABLE KEYS */;
/*!40000 ALTER TABLE `detalleordencompra` ENABLE KEYS */;
UNLOCK TABLES;

--
-- Table structure for table `detalleventa`
--

DROP TABLE IF EXISTS `detalleventa`;
SET @saved_cs_client     = @@character_set_client;
SET character_set_client = utf8;
CREATE TABLE `detalleventa` (
  `IDDETALLEVENTA` int(11) NOT NULL AUTO_INCREMENT,
  `TOTAL` double DEFAULT NULL,
  `CANTIDAD` int(11) DEFAULT NULL,
  `VLRUNITARIO` double DEFAULT NULL,
  `COSTOVENTAUNITARIO` double DEFAULT NULL,
  `VENTAARTICULOS_IDVENTA` int(11) DEFAULT NULL,
  `ARTICULO_CODIGO` int(11) DEFAULT NULL,
  PRIMARY KEY (`IDDETALLEVENTA`),
  KEY `FK_DETALLEVENTA_VENTAARTICULOS_IDVENTA` (`VENTAARTICULOS_IDVENTA`),
  KEY `FK_DETALLEVENTA_ARTICULO_CODIGO` (`ARTICULO_CODIGO`),
  CONSTRAINT `FK_DETALLEVENTA_ARTICULO_CODIGO` FOREIGN KEY (`ARTICULO_CODIGO`) REFERENCES `articulo` (`CODIGO`),
  CONSTRAINT `FK_DETALLEVENTA_VENTAARTICULOS_IDVENTA` FOREIGN KEY (`VENTAARTICULOS_IDVENTA`) REFERENCES `ventaarticulos` (`IDVENTA`)
) ENGINE=InnoDB DEFAULT CHARSET=latin1;
SET character_set_client = @saved_cs_client;

--
-- Dumping data for table `detalleventa`
--

LOCK TABLES `detalleventa` WRITE;
/*!40000 ALTER TABLE `detalleventa` DISABLE KEYS */;
/*!40000 ALTER TABLE `detalleventa` ENABLE KEYS */;
UNLOCK TABLES;

--
-- Table structure for table `devolucioncliente`
--

DROP TABLE IF EXISTS `devolucioncliente`;
SET @saved_cs_client     = @@character_set_client;
SET character_set_client = utf8;
CREATE TABLE `devolucioncliente` (
  `IDDEVOLUCIONCLIENTE` int(11) NOT NULL AUTO_INCREMENT,
  `CONCEPTO` varchar(255) DEFAULT NULL,
  `IDRECIBO` int(11) DEFAULT NULL,
  `ESTADO` varchar(255) DEFAULT NULL,
  `FECHA` datetime DEFAULT NULL,
  `TOTALDEVOLUCION` double DEFAULT NULL,
  `FECHARECAUDO` datetime DEFAULT NULL,
  `OBSERVACIONES` varchar(255) DEFAULT NULL,
  `VENTAARTICULOS_IDVENTA` int(11) DEFAULT NULL,
  PRIMARY KEY (`IDDEVOLUCIONCLIENTE`),
  KEY `FK_DEVOLUCIONCLIENTE_VENTAARTICULOS_IDVENTA` (`VENTAARTICULOS_IDVENTA`),
  CONSTRAINT `FK_DEVOLUCIONCLIENTE_VENTAARTICULOS_IDVENTA` FOREIGN KEY (`VENTAARTICULOS_IDVENTA`) REFERENCES `ventaarticulos` (`IDVENTA`)
) ENGINE=InnoDB DEFAULT CHARSET=latin1;
SET character_set_client = @saved_cs_client;

--
-- Dumping data for table `devolucioncliente`
--

LOCK TABLES `devolucioncliente` WRITE;
/*!40000 ALTER TABLE `devolucioncliente` DISABLE KEYS */;
/*!40000 ALTER TABLE `devolucioncliente` ENABLE KEYS */;
UNLOCK TABLES;

--
-- Table structure for table `devolucionproveedor`
--

DROP TABLE IF EXISTS `devolucionproveedor`;
SET @saved_cs_client     = @@character_set_client;
SET character_set_client = utf8;
CREATE TABLE `devolucionproveedor` (
  `IDDEVOLUCIONPROVEEDOR` int(11) NOT NULL AUTO_INCREMENT,
  `CONCEPTO` varchar(255) DEFAULT NULL,
  `ESTADO` varchar(255) DEFAULT NULL,
  `FECHA` datetime DEFAULT NULL,
  `TOTALDEVOLUCION` double DEFAULT NULL,
  `IDEGRESO` int(11) DEFAULT NULL,
  `FECHAEGRESO` datetime DEFAULT NULL,
  `OBSERVACIONES` varchar(255) DEFAULT NULL,
  `COMPRAARTICULOS_IDCOMPRA` int(11) DEFAULT NULL,
  PRIMARY KEY (`IDDEVOLUCIONPROVEEDOR`),
  KEY `FK_DEVOLUCIONPROVEEDOR_COMPRAARTICULOS_IDCOMPRA` (`COMPRAARTICULOS_IDCOMPRA`),
  CONSTRAINT `FK_DEVOLUCIONPROVEEDOR_COMPRAARTICULOS_IDCOMPRA` FOREIGN KEY (`COMPRAARTICULOS_IDCOMPRA`) REFERENCES `compraarticulos` (`IDCOMPRA`)
) ENGINE=InnoDB DEFAULT CHARSET=latin1;
SET character_set_client = @saved_cs_client;

--
-- Dumping data for table `devolucionproveedor`
--

LOCK TABLES `devolucionproveedor` WRITE;
/*!40000 ALTER TABLE `devolucionproveedor` DISABLE KEYS */;
/*!40000 ALTER TABLE `devolucionproveedor` ENABLE KEYS */;
UNLOCK TABLES;

--
-- Table structure for table `egreso`
--

DROP TABLE IF EXISTS `egreso`;
SET @saved_cs_client     = @@character_set_client;
SET character_set_client = utf8;
CREATE TABLE `egreso` (
  `IDEGRESO` int(11) NOT NULL AUTO_INCREMENT,
  `CONCEPTO` varchar(255) DEFAULT NULL,
  `COMPRA` int(11) DEFAULT NULL,
  `IDENTIFICACIONPROV` varchar(255) DEFAULT NULL,
  `DOCSOPORTE` int(11) DEFAULT NULL,
  `FECHAGENERACION` datetime DEFAULT NULL,
  `OBSERVACIONES` varchar(255) DEFAULT NULL,
  `IDCUENTAXPAGAR` int(11) DEFAULT NULL,
  `SUBTOTAL` double DEFAULT NULL,
  `VALORPAGO1` double DEFAULT NULL,
  `VALORPAGO2` double DEFAULT NULL,
  `FECHAANULACION` datetime DEFAULT NULL,
  `TOTALPAGADO` double DEFAULT NULL,
  `OTROS` double DEFAULT NULL,
  `ESTADOACTIVIDAD` varchar(255) DEFAULT NULL,
  `FECHAPAGO` datetime DEFAULT NULL,
  `MEDIOPAGOPROV1_IDMEDIOPAGOPROV` int(11) DEFAULT NULL,
  `MEDIOPAGOPROV2_IDMEDIOPAGOPROV` int(11) DEFAULT NULL,
  PRIMARY KEY (`IDEGRESO`),
  KEY `FK_EGRESO_MEDIOPAGOPROV1_IDMEDIOPAGOPROV` (`MEDIOPAGOPROV1_IDMEDIOPAGOPROV`),
  KEY `FK_EGRESO_MEDIOPAGOPROV2_IDMEDIOPAGOPROV` (`MEDIOPAGOPROV2_IDMEDIOPAGOPROV`),
  CONSTRAINT `FK_EGRESO_MEDIOPAGOPROV2_IDMEDIOPAGOPROV` FOREIGN KEY (`MEDIOPAGOPROV2_IDMEDIOPAGOPROV`) REFERENCES `mediopagoprov` (`IDMEDIOPAGOPROV`),
  CONSTRAINT `FK_EGRESO_MEDIOPAGOPROV1_IDMEDIOPAGOPROV` FOREIGN KEY (`MEDIOPAGOPROV1_IDMEDIOPAGOPROV`) REFERENCES `mediopagoprov` (`IDMEDIOPAGOPROV`)
) ENGINE=InnoDB DEFAULT CHARSET=latin1;
SET character_set_client = @saved_cs_client;

--
-- Dumping data for table `egreso`
--

LOCK TABLES `egreso` WRITE;
/*!40000 ALTER TABLE `egreso` DISABLE KEYS */;
/*!40000 ALTER TABLE `egreso` ENABLE KEYS */;
UNLOCK TABLES;

--
-- Table structure for table `entradaosalidaarticulo`
--

DROP TABLE IF EXISTS `entradaosalidaarticulo`;
SET @saved_cs_client     = @@character_set_client;
SET character_set_client = utf8;
CREATE TABLE `entradaosalidaarticulo` (
  `IDENTRADAOSALIDA` int(11) NOT NULL AUTO_INCREMENT,
  `CONCEPTO` varchar(255) DEFAULT NULL,
  `FECHA` datetime DEFAULT NULL,
  `TOTALCOSTO` double DEFAULT NULL,
  `OBSERVACIONES` varchar(255) DEFAULT NULL,
  `CANTTOTALARTICULOS` int(11) DEFAULT NULL,
  PRIMARY KEY (`IDENTRADAOSALIDA`)
) ENGINE=InnoDB DEFAULT CHARSET=latin1;
SET character_set_client = @saved_cs_client;

--
-- Dumping data for table `entradaosalidaarticulo`
--

LOCK TABLES `entradaosalidaarticulo` WRITE;
/*!40000 ALTER TABLE `entradaosalidaarticulo` DISABLE KEYS */;
/*!40000 ALTER TABLE `entradaosalidaarticulo` ENABLE KEYS */;
UNLOCK TABLES;

--
-- Table structure for table `formapagocliente`
--

DROP TABLE IF EXISTS `formapagocliente`;
SET @saved_cs_client     = @@character_set_client;
SET character_set_client = utf8;
CREATE TABLE `formapagocliente` (
  `IDFORMAPAGOCLIENTE` int(11) NOT NULL AUTO_INCREMENT,
  `DESCRIPCION` varchar(255) DEFAULT NULL,
  `DIAS` int(11) DEFAULT NULL,
  PRIMARY KEY (`IDFORMAPAGOCLIENTE`)
) ENGINE=InnoDB AUTO_INCREMENT=8 DEFAULT CHARSET=latin1;
SET character_set_client = @saved_cs_client;

--
-- Dumping data for table `formapagocliente`
--

LOCK TABLES `formapagocliente` WRITE;
/*!40000 ALTER TABLE `formapagocliente` DISABLE KEYS */;
INSERT INTO `formapagocliente` VALUES (1,'CONTADO',0),(2,'CREDITO',0),(3,'CONSIGNACION',0),(4,'CHEQUE A FECHA',0),(5,'CREDITO 15 DIAS',15),(6,'CREDITO 30 DIAS',30),(7,'CREDITO 60 DIAS',60);
/*!40000 ALTER TABLE `formapagocliente` ENABLE KEYS */;
UNLOCK TABLES;

--
-- Table structure for table `kardexelectronico`
--

DROP TABLE IF EXISTS `kardexelectronico`;
SET @saved_cs_client     = @@character_set_client;
SET character_set_client = utf8;
CREATE TABLE `kardexelectronico` (
  `IDKARDEX` int(11) NOT NULL AUTO_INCREMENT,
  `PROVEEDORULTIMACOMPRA` varchar(255) DEFAULT NULL,
  `FECHA` datetime DEFAULT NULL,
  `COSTOUSALIDA` double DEFAULT NULL,
  `COSTOTENTRADA` double DEFAULT NULL,
  `COSTOUENTRADA` double DEFAULT NULL,
  `COSTOUSALDO` double DEFAULT NULL,
  `COSTOTSALDO` double DEFAULT NULL,
  `NRODOCUMENTO` int(11) DEFAULT NULL,
  `COSTOTSALIDA` double DEFAULT NULL,
  `CANTIDADENTRADA` int(11) DEFAULT NULL,
  `CANTIDADSALDO` int(11) DEFAULT NULL,
  `MOVIMIENTO` varchar(255) DEFAULT NULL,
  `CANTIDADSALIDA` int(11) DEFAULT NULL,
  `ARTICULO_CODIGO` int(11) DEFAULT NULL,
  PRIMARY KEY (`IDKARDEX`),
  KEY `FK_KARDEXELECTRONICO_ARTICULO_CODIGO` (`ARTICULO_CODIGO`),
  CONSTRAINT `FK_KARDEXELECTRONICO_ARTICULO_CODIGO` FOREIGN KEY (`ARTICULO_CODIGO`) REFERENCES `articulo` (`CODIGO`)
) ENGINE=InnoDB DEFAULT CHARSET=latin1;
SET character_set_client = @saved_cs_client;

--
-- Dumping data for table `kardexelectronico`
--

LOCK TABLES `kardexelectronico` WRITE;
/*!40000 ALTER TABLE `kardexelectronico` DISABLE KEYS */;
/*!40000 ALTER TABLE `kardexelectronico` ENABLE KEYS */;
UNLOCK TABLES;

--
-- Table structure for table `lineaarticulos`
--

DROP TABLE IF EXISTS `lineaarticulos`;
SET @saved_cs_client     = @@character_set_client;
SET character_set_client = utf8;
CREATE TABLE `lineaarticulos` (
  `CODIGO` int(11) NOT NULL AUTO_INCREMENT,
  `ESTADO` varchar(255) DEFAULT NULL,
  `NOMBREL` varchar(255) DEFAULT NULL,
  PRIMARY KEY (`CODIGO`)
) ENGINE=InnoDB DEFAULT CHARSET=latin1;
SET character_set_client = @saved_cs_client;

--
-- Dumping data for table `lineaarticulos`
--

LOCK TABLES `lineaarticulos` WRITE;
/*!40000 ALTER TABLE `lineaarticulos` DISABLE KEYS */;
/*!40000 ALTER TABLE `lineaarticulos` ENABLE KEYS */;
UNLOCK TABLES;

--
-- Table structure for table `mediopagocliente`
--

DROP TABLE IF EXISTS `mediopagocliente`;
SET @saved_cs_client     = @@character_set_client;
SET character_set_client = utf8;
CREATE TABLE `mediopagocliente` (
  `IDMEDIOPAGOCLIENTE` int(11) NOT NULL AUTO_INCREMENT,
  `VALOR` double DEFAULT NULL,
  `DOCREFERENCIA` int(11) DEFAULT NULL,
  `FRANQUICIA` varchar(255) DEFAULT NULL,
  `NOMBREMEDIOPAGO` varchar(255) DEFAULT NULL,
  `ANTICIPOCLIENTE_IDANTICIPOCLIENTE` int(11) DEFAULT NULL,
  `RECIBOCAJA_IDRECIBOCAJA` int(11) DEFAULT NULL,
  `BANCO_IDBANCO` int(11) DEFAULT NULL,
  PRIMARY KEY (`IDMEDIOPAGOCLIENTE`),
  KEY `MEDIOPAGOCLIENTE_ANTICIPOCLIENTE_IDANTICIPOCLIENTE` (`ANTICIPOCLIENTE_IDANTICIPOCLIENTE`),
  KEY `FK_MEDIOPAGOCLIENTE_RECIBOCAJA_IDRECIBOCAJA` (`RECIBOCAJA_IDRECIBOCAJA`),
  KEY `FK_MEDIOPAGOCLIENTE_BANCO_IDBANCO` (`BANCO_IDBANCO`),
  CONSTRAINT `FK_MEDIOPAGOCLIENTE_BANCO_IDBANCO` FOREIGN KEY (`BANCO_IDBANCO`) REFERENCES `banco` (`IDBANCO`),
  CONSTRAINT `FK_MEDIOPAGOCLIENTE_RECIBOCAJA_IDRECIBOCAJA` FOREIGN KEY (`RECIBOCAJA_IDRECIBOCAJA`) REFERENCES `recibocaja` (`IDRECIBOCAJA`),
  CONSTRAINT `MEDIOPAGOCLIENTE_ANTICIPOCLIENTE_IDANTICIPOCLIENTE` FOREIGN KEY (`ANTICIPOCLIENTE_IDANTICIPOCLIENTE`) REFERENCES `anticipocliente` (`IDANTICIPOCLIENTE`)
) ENGINE=InnoDB DEFAULT CHARSET=latin1;
SET character_set_client = @saved_cs_client;

--
-- Dumping data for table `mediopagocliente`
--

LOCK TABLES `mediopagocliente` WRITE;
/*!40000 ALTER TABLE `mediopagocliente` DISABLE KEYS */;
/*!40000 ALTER TABLE `mediopagocliente` ENABLE KEYS */;
UNLOCK TABLES;

--
-- Table structure for table `mediopagoprov`
--

DROP TABLE IF EXISTS `mediopagoprov`;
SET @saved_cs_client     = @@character_set_client;
SET character_set_client = utf8;
CREATE TABLE `mediopagoprov` (
  `IDMEDIOPAGOPROV` int(11) NOT NULL AUTO_INCREMENT,
  `NOMBRECUENTA` varchar(255) DEFAULT NULL,
  `DESCRIPCION` varchar(255) DEFAULT NULL,
  PRIMARY KEY (`IDMEDIOPAGOPROV`)
) ENGINE=InnoDB DEFAULT CHARSET=latin1;
SET character_set_client = @saved_cs_client;

--
-- Dumping data for table `mediopagoprov`
--

LOCK TABLES `mediopagoprov` WRITE;
/*!40000 ALTER TABLE `mediopagoprov` DISABLE KEYS */;
/*!40000 ALTER TABLE `mediopagoprov` ENABLE KEYS */;
UNLOCK TABLES;

--
-- Table structure for table `municipio`
--

DROP TABLE IF EXISTS `municipio`;
SET @saved_cs_client     = @@character_set_client;
SET character_set_client = utf8;
CREATE TABLE `municipio` (
  `IDMUNICIPIO` int(11) NOT NULL,
  `NOMBRE` varchar(255) DEFAULT NULL,
  `DEPARTAMENTO_IDDEPARTAMENTO` int(11) DEFAULT NULL,
  PRIMARY KEY (`IDMUNICIPIO`),
  KEY `FK_MUNICIPIO_DEPARTAMENTO_IDDEPARTAMENTO` (`DEPARTAMENTO_IDDEPARTAMENTO`),
  CONSTRAINT `FK_MUNICIPIO_DEPARTAMENTO_IDDEPARTAMENTO` FOREIGN KEY (`DEPARTAMENTO_IDDEPARTAMENTO`) REFERENCES `departamento` (`IDDEPARTAMENTO`)
) ENGINE=InnoDB DEFAULT CHARSET=latin1;
SET character_set_client = @saved_cs_client;

--
-- Dumping data for table `municipio`
--

LOCK TABLES `municipio` WRITE;
/*!40000 ALTER TABLE `municipio` DISABLE KEYS */;
INSERT INTO `municipio` VALUES (1,'EL ENCANTO',1),(2,'LA CHORRERA',1),(3,'LA PEDRERA',1),(4,'LA VICTORIA',1),(5,'LETICIA',1),(6,'MIRITI',1),(7,'PUERTO ALEGRIA',1),(8,'PUERTO ARICA',1),(9,'PUERTO NARIÑO',1),(10,'PUERTO SANTANDER',1),(11,'TURAPACA',1),(12,'ABEJORRAL',2),(13,'ABRIAQUI',2),(14,'ALEJANDRIA',2),(15,'AMAGA',2),(16,'AMALFI',2),(17,'ANDES',2),(18,'ANGELOPOLIS',2),(19,'ANGOSTURA',2),(20,'ANORI',2),(21,'ANTIOQUIA',2),(22,'ANZA',2),(23,'APARTADO',2),(24,'ARBOLETES',2),(25,'ARGELIA',2),(26,'ARMENIA',2),(27,'BARBOSA',2),(28,'BELLO',2),(29,'BELMIRA',2),(30,'BETANIA',2),(31,'BETULIA',2),(32,'BOLIVAR',2),(33,'BRICEÑO',2),(34,'BURITICA',2),(35,'CACERES',2),(36,'CAICEDO',2),(37,'CALDAS',2),(38,'CAMPAMENTO',2),(39,'CANASGORDAS',2),(40,'CARACOLI',2),(41,'CARAMANTA',2),(42,'CAREPA',2),(43,'CARMEN DE VIBORAL',2),(44,'CAROLINA DEL PRINCIPE',2),(45,'CAUCASIA',2),(46,'CHIGORODO',2),(47,'CISNEROS',2),(48,'COCORNA',2),(49,'CONCEPCION',2),(50,'CONCORDIA',2),(51,'COPACABANA',2),(52,'DABEIBA',2),(53,'DONMATIAS',2),(54,'EBEJICO',2),(55,'EL BAGRE',2),(56,'EL PENOL',2),(57,'EL RETIRO',2),(58,'ENTRERRIOS',2),(59,'ENVIGADO',2),(60,'FREDONIA',2),(61,'FRONTINO',2),(62,'GIRALDO',2),(63,'GIRARDOTA',2),(64,'GOMEZ PLATA',2),(65,'GRANADA',2),(66,'GUADALUPE',2),(67,'GUARNE',2),(68,'GUATAQUE',2),(69,'HELICONIA',2),(70,'HISPANIA',2),(71,'ITAGUI',2),(72,'ITUANGO',2),(73,'JARDIN',2),(74,'JERICO',2),(75,'LA CEJA',2),(76,'LA ESTRELLA',2),(77,'LA PINTADA',2),(78,'LA UNION',2),(79,'LIBORINA',2),(80,'MACEO',2),(81,'MARINILLA',2),(82,'MEDELLIN',2),(83,'MONTEBELLO',2),(84,'MURINDO',2),(85,'MUTATA',2),(86,'NARINO',2),(87,'NECHI',2),(88,'NECOCLI',2),(89,'OLAYA',2),(90,'PEQUE',2),(91,'PUEBLORRICO',2),(92,'PUERTO BERRIO',2),(93,'PUERTO NARE',2),(94,'PUERTO TRIUNFO',2),(95,'REMEDIOS',2),(96,'RIONEGRO',2),(97,'SABANALARGA',2),(98,'SABANETA',2),(99,'SALGAR',2),(100,'SAN ANDRES DE CUERQUIA',2),(101,'SAN CARLOS',2),(102,'SAN FRANCISCO',2),(103,'SAN JERONIMO',2),(104,'SAN JOSE DE LA MONTAÑA',2),(105,'SAN JUAN DE URABA',2),(106,'SAN LUIS',2),(107,'SAN PEDRO DE LOS MILAGROS',2),(108,'SAN PEDRO DE URABA',2),(109,'SAN RAFAEL',2),(110,'SAN ROQUE',2),(111,'SAN VICENTE',2),(112,'SANTA BARBARA',2),(113,'SANTA ROSA DE OSOS',2),(114,'SANTO DOMINGO',2),(115,'SANTUARIO',2),(116,'SEGOVIA',2),(117,'SONSON',2),(118,'SOPETRAN',2),(119,'TAMESIS',2),(120,'TARAZA',2),(121,'TARSO',2),(122,'TITIRIBI',2),(123,'TOLEDO',2),(124,'TURBO',2),(125,'URAMITA',2),(126,'URRAO',2),(127,'VALDIVIA',2),(128,'VALPARAISO',2),(129,'VEGACHI',2),(130,'VENECIA',2),(131,'VIGIA DEL FUERTE',2),(132,'YALI',2),(133,'YARUMAL',2),(134,'YOLOMBO',2),(135,'YONDO',2),(136,'ZARAGOZA',2),(137,'ARAUCA',3),(138,'ARAUQUITA',3),(139,'CRAVO NORTE',3),(140,'FORTUL',3),(141,'PUERTO RONDON',3),(142,'SARAVENA',3),(143,'TAME',3),(144,'BARANOA',4),(145,'BARRANQUILLA',4),(146,'CAMPO DE LA CRUZ',4),(147,'CANDELARIA',4),(148,'GALAPA',4),(149,'JUAN DE ACOSTA',4),(150,'LURUACO',4),(151,'MALAMBO',4),(152,'MANATI',4),(153,'PALMAR DE VARELA',4),(154,'PIOJO',4),(155,'POLO NUEVO',4),(156,'PONEDERA',4),(157,'PUERTO COLOMBIA',4),(158,'REPELON',4),(159,'SABANAGRANDE',4),(160,'SABANALARGA',4),(161,'SANTA LUCIA',4),(162,'SANTO TOMAS',4),(163,'SOLEDAD',4),(164,'SUAN',4),(165,'TUBARA',4),(166,'USIACURI',4),(167,'ACHI',5),(168,'ALTOS DEL ROSARIO',5),(169,'ARENAL',5),(170,'ARJONA',5),(171,'ARROYOHONDO',5),(172,'BARRANCO DE LOBA',5),(173,'BRAZUELO DE PAPAYAL',5),(174,'CALAMAR',5),(175,'CANTAGALLO',5),(176,'CARTAGENA DE INDIAS',5),(177,'CICUCO',5),(178,'CLEMENCIA',5),(179,'CORDOBA',5),(180,'EL CARMEN DE BOLIVAR',5),(181,'EL GUAMO',5),(182,'EL PENION',5),(183,'HATILLO DE LOBA',5),(184,'MAGANGUE',5),(185,'MAHATES',5),(186,'MARGARITA',5),(187,'MARIA LA BAJA',5),(188,'MONTECRISTO',5),(189,'MORALES',5),(190,'MORALES',5),(191,'NOROSI',5),(192,'PINILLOS',5),(193,'REGIDOR',5),(194,'RIO VIEJO',5),(195,'SAN CRISTOBAL',5),(196,'SAN ESTANISLAO',5),(197,'SAN FERNANDO',5),(198,'SAN JACINTO',5),(199,'SAN JACINTO DEL CAUCA',5),(200,'SAN JUAN DE NEPOMUCENO',5),(201,'SAN MARTIN DE LOBA',5),(202,'SAN PABLO',5),(203,'SAN PABLO NORTE',5),(204,'SANTA CATALINA',5),(205,'SANTA CRUZ DE MOMPOX',5),(206,'SANTA ROSA',5),(207,'SANTA ROSA DEL SUR',5),(208,'SIMITI',5),(209,'SOPLAVIENTO',5),(210,'TALAIGUA NUEVO',5),(211,'TUQUISIO',5),(212,'TURBACO',5),(213,'TURBANA',5),(214,'VILLANUEVA',5),(215,'ZAMBRANO',5),(216,'AQUITANIA',6),(217,'ARCABUCO',6),(218,'BELÉN',6),(219,'BERBEO',6),(220,'BETÉITIVA',6),(221,'BOAVITA',6),(222,'BOYACÁ',6),(223,'BRICEÑO',6),(224,'BUENAVISTA',6),(225,'BUSBANZÁ',6),(226,'CALDAS',6),(227,'CAMPO HERMOSO',6),(228,'CERINZA',6),(229,'CHINAVITA',6),(230,'CHIQUINQUIRÁ',6),(231,'CHÍQUIZA',6),(232,'CHISCAS',6),(233,'CHITA',6),(234,'CHITARAQUE',6),(235,'CHIVATÁ',6),(236,'CIÉNEGA',6),(237,'CÓMBITA',6),(238,'COPER',6),(239,'CORRALES',6),(240,'COVARACHÍA',6),(241,'CUBARA',6),(242,'CUCAITA',6),(243,'CUITIVA',6),(244,'DUITAMA',6),(245,'EL COCUY',6),(246,'EL ESPINO',6),(247,'FIRAVITOBA',6),(248,'FLORESTA',6),(249,'GACHANTIVÁ',6),(250,'GÁMEZA',6),(251,'GARAGOA',6),(252,'GUACAMAYAS',6),(253,'GÜICÁN',6),(254,'IZA',6),(255,'JENESANO',6),(256,'JERICÓ',6),(257,'LA UVITA',6),(258,'LA VICTORIA',6),(259,'LABRANZA GRANDE',6),(260,'MACANAL',6),(261,'MARIPÍ',6),(262,'MIRAFLORES',6),(263,'MONGUA',6),(264,'MONGUÍ',6),(265,'MONIQUIRÁ',6),(266,'MOTAVITA',6),(267,'MUZO',6),(268,'NOBSA',6),(269,'NUEVO COLÓN',6),(270,'OICATÁ',6),(271,'OTANCHE',6),(272,'PACHAVITA',6),(273,'PÁEZ',6),(274,'PAIPA',6),(275,'PAJARITO',6),(276,'PANQUEBA',6),(277,'PAUNA',6),(278,'PAYA',6),(279,'PAZ DE RÍO',6),(280,'PESCA',6),(281,'PISBA',6),(282,'PUERTO BOYACA',6),(283,'QUÍPAMA',6),(284,'RAMIRIQUÍ',6),(285,'RÁQUIRA',6),(286,'RONDÓN',6),(287,'SABOYÁ',6),(288,'SÁCHICA',6),(289,'SAMACÁ',6),(290,'SAN EDUARDO',6),(291,'SAN JOSÉ DE PARE',6),(292,'SAN LUÍS DE GACENO',6),(293,'SAN MATEO',6),(294,'SAN MIGUEL DE SEMA',6),(295,'SAN PABLO DE BORBUR',6),(296,'SANTA MARÍA',6),(297,'SANTA ROSA DE VITERBO',6),(298,'SANTA SOFÍA',6),(299,'SANTANA',6),(300,'SATIVANORTE',6),(301,'SATIVASUR',6),(302,'SIACHOQUE',6),(303,'SOATÁ',6),(304,'SOCHA',6),(305,'SOCOTÁ',6),(306,'SOGAMOSO',6),(307,'SORA',6),(308,'SORACÁ',6),(309,'SOTAQUIRÁ',6),(310,'SUSACÓN',6),(311,'SUTARMACHÁN',6),(312,'TASCO',6),(313,'TIBANÁ',6),(314,'TIBASOSA',6),(315,'TINJACÁ',6),(316,'TIPACOQUE',6),(317,'TOCA',6),(318,'TOGÜÍ',6),(319,'TÓPAGA',6),(320,'TOTA',6),(321,'TUNJA',6),(322,'TUNUNGUÁ',6),(323,'TURMEQUÉ',6),(324,'TUTA',6),(325,'TUTAZÁ',6),(326,'UMBITA',6),(327,'VENTA QUEMADA',6),(328,'VILLA DE LEYVA',6),(329,'VIRACACHÁ',6),(330,'ZETAQUIRA',6),(331,'AGUADAS',7),(332,'ANSERMA',7),(333,'ARANZAZU',7),(334,'BELALCAZAR',7),(335,'CHINCHINÁ',7),(336,'FILADELFIA',7),(337,'LA DORADA',7),(338,'LA MERCED',7),(339,'MANIZALES',7),(340,'MANZANARES',7),(341,'MARMATO',7),(342,'MARQUETALIA',7),(343,'MARULANDA',7),(344,'NEIRA',7),(345,'NORCASIA',7),(346,'PACORA',7),(347,'PALESTINA',7),(348,'PENSILVANIA',7),(349,'RIOSUCIO',7),(350,'RISARALDA',7),(351,'SALAMINA',7),(352,'SAMANA',7),(353,'SAN JOSE',7),(354,'SUPÍA',7),(355,'VICTORIA',7),(356,'VILLAMARÍA',7),(357,'VITERBO',7),(358,'ALBANIA',8),(359,'BELÉN ANDAQUIES',8),(360,'CARTAGENA DEL CHAIRA',8),(361,'CURILLO',8),(362,'EL DONCELLO',8),(363,'EL PAUJIL',8),(364,'FLORENCIA',8),(365,'LA MONTAÑITA',8),(366,'MILÁN',8),(367,'MORELIA',8),(368,'PUERTO RICO',8),(369,'SAN  VICENTE DEL CAGUAN',8),(370,'SAN JOSÉ DE FRAGUA',8),(371,'SOLANO',8),(372,'SOLITA',8),(373,'VALPARAÍSO',8),(374,'AGUAZUL',9),(375,'CHAMEZA',9),(376,'HATO COROZAL',9),(377,'LA SALINA',9),(378,'MANÍ',9),(379,'MONTERREY',9),(380,'NUNCHIA',9),(381,'OROCUE',9),(382,'PAZ DE ARIPORO',9),(383,'PORE',9),(384,'RECETOR',9),(385,'SABANA LARGA',9),(386,'SACAMA',9),(387,'SAN LUIS DE PALENQUE',9),(388,'TAMARA',9),(389,'TAURAMENA',9),(390,'TRINIDAD',9),(391,'VILLANUEVA',9),(392,'YOPAL',9),(393,'ALMAGUER',10),(394,'ARGELIA',10),(395,'BALBOA',10),(396,'BOLÍVAR',10),(397,'BUENOS AIRES',10),(398,'CAJIBIO',10),(399,'CALDONO',10),(400,'CALOTO',10),(401,'CORINTO',10),(402,'EL TAMBO',10),(403,'FLORENCIA',10),(404,'GUAPI',10),(405,'INZA',10),(406,'JAMBALÓ',10),(407,'LA SIERRA',10),(408,'LA VEGA',10),(409,'LÓPEZ',10),(410,'MERCADERES',10),(411,'MIRANDA',10),(412,'MORALES',10),(413,'PADILLA',10),(414,'PÁEZ',10),(415,'PATIA EL BORDO',10),(416,'PIAMONTE',10),(417,'PIENDAMO',10),(418,'POPAYÁN',10),(419,'PUERTO TEJADA',10),(420,'PURACE',10),(421,'ROSAS',10),(422,'SAN SEBASTIÁN',10),(423,'SANTA ROSA',10),(424,'SANTANDER DE QUILICHAO',10),(425,'SILVIA',10),(426,'SOTARA',10),(427,'SUÁREZ',10),(428,'SUCRE',10),(429,'TIMBÍO',10),(430,'TIMBIQUÍ',10),(431,'TORIBIO',10),(432,'TOTORO',10),(433,'VILLA RICA',10),(434,'AGUACHICA',11),(435,'AGUSTÍN CODAZZI',11),(436,'ASTREA',11),(437,'BECERRIL',11),(438,'BOSCONIA',11),(439,'CHIMICHAGUA',11),(440,'CHIRIGUANÁ',11),(441,'CURUMANÍ',11),(442,'EL COPEY',11),(443,'EL PASO',11),(444,'GAMARRA',11),(445,'GONZÁLEZ',11),(446,'LA GLORIA',11),(447,'LA JAGUA IBIRICO',11),(448,'MANAURE BALCÓN DEL CESAR',11),(449,'PAILITAS',11),(450,'PELAYA',11),(451,'PUEBLO BELLO',11),(452,'RÍO DE ORO',11),(453,'ROBLES LA PAZ',11),(454,'SAN ALBERTO',11),(455,'SAN DIEGO',11),(456,'SAN MARTÍN',11),(457,'TAMALAMEQUE',11),(458,'VALLEDUPAR',11),(459,'ACANDI',12),(460,'ALTO BAUDO PIE DE PATO',12),(461,'ATRATO',12),(462,'BAGADO',12),(463,'BAHIA SOLANO MUTIS',12),(464,'BAJO BAUDO PIZARRO',12),(465,'BOJAYA BELLAVISTA',12),(466,'CANTON DE SAN PABLO',12),(467,'CARMEN DEL DARIEN',12),(468,'CERTEGUI',12),(469,'CONDOTO',12),(470,'EL CARMEN',12),(471,'ISTMINA',12),(472,'JURADO',12),(473,'LITORAL DEL SAN JUAN',12),(474,'LLORO',12),(475,'MEDIO ATRATO',12),(476,'MEDIO BAUDO BOCA DE PEPE',12),(477,'MEDIO SAN JUAN',12),(478,'NOVITA',12),(479,'NUQUI',12),(480,'QUIBDO',12),(481,'RIO IRO',12),(482,'RIO QUITO',12),(483,'RIOSUCIO',12),(484,'SAN JOSE DEL PALMAR',12),(485,'SIPI',12),(486,'TADO',12),(487,'UNGUIA',12),(488,'UNIÓN PANAMERICANA',12),(489,'AYAPEL',13),(490,'BUENAVISTA',13),(491,'CANALETE',13),(492,'CERETÉ',13),(493,'CHIMA',13),(494,'CHINÚ',13),(495,'CIENAGA DE ORO',13),(496,'COTORRA',13),(497,'LA APARTADA',13),(498,'LORICA',13),(499,'LOS CÓRDOBAS',13),(500,'MOMIL',13),(501,'MONTELÍBANO',13),(502,'MONTERÍA',13),(503,'MOÑITOS',13),(504,'PLANETA RICA',13),(505,'PUEBLO NUEVO',13),(506,'PUERTO ESCONDIDO',13),(507,'PUERTO LIBERTADOR',13),(508,'PURÍSIMA',13),(509,'SAHAGÚN',13),(510,'SAN ANDRÉS SOTAVENTO',13),(511,'SAN ANTERO',13),(512,'SAN BERNARDO VIENTO',13),(513,'SAN CARLOS',13),(514,'SAN PELAYO',13),(515,'TIERRALTA',13),(516,'VALENCIA',13),(517,'AGUA DE DIOS',14),(518,'ALBAN',14),(519,'ANAPOIMA',14),(520,'ANOLAIMA',14),(521,'ARBELAEZ',14),(522,'BELTRÁN',14),(523,'BITUIMA',14),(524,'BOGOTÁ DC',14),(525,'BOJACÁ',14),(526,'CABRERA',14),(527,'CACHIPAY',14),(528,'CAJICÁ',14),(529,'CAPARRAPÍ',14),(530,'CAQUEZA',14),(531,'CARMEN DE CARUPA',14),(532,'CHAGUANÍ',14),(533,'CHIA',14),(534,'CHIPAQUE',14),(535,'CHOACHÍ',14),(536,'CHOCONTÁ',14),(537,'COGUA',14),(538,'COTA',14),(539,'CUCUNUBÁ',14),(540,'EL COLEGIO',14),(541,'EL PEÑÓN',14),(542,'EL ROSAL1',14),(543,'FACATATIVA',14),(544,'FÓMEQUE',14),(545,'FOSCA',14),(546,'FUNZA',14),(547,'FÚQUENE',14),(548,'FUSAGASUGA',14),(549,'GACHALÁ',14),(550,'GACHANCIPÁ',14),(551,'GACHETA',14),(552,'GAMA',14),(553,'GIRARDOT',14),(554,'GRANADA2',14),(555,'GUACHETÁ',14),(556,'GUADUAS',14),(557,'GUASCA',14),(558,'GUATAQUÍ',14),(559,'GUATAVITA',14),(560,'GUAYABAL DE SIQUIMA',14),(561,'GUAYABETAL',14),(562,'GUTIÉRREZ',14),(563,'JERUSALÉN',14),(564,'JUNÍN',14),(565,'LA CALERA',14),(566,'LA MESA',14),(567,'LA PALMA',14),(568,'LA PEÑA',14),(569,'LA VEGA',14),(570,'LENGUAZAQUE',14),(571,'MACHETÁ',14),(572,'MADRID',14),(573,'MANTA',14),(574,'MEDINA',14),(575,'MOSQUERA',14),(576,'NARIÑO',14),(577,'NEMOCÓN',14),(578,'NILO',14),(579,'NIMAIMA',14),(580,'NOCAIMA',14),(581,'OSPINA PÉREZ',14),(582,'PACHO',14),(583,'PAIME',14),(584,'PANDI',14),(585,'PARATEBUENO',14),(586,'PASCA',14),(587,'PUERTO SALGAR',14),(588,'PULÍ',14),(589,'QUEBRADANEGRA',14),(590,'QUETAME',14),(591,'QUIPILE',14),(592,'RAFAEL REYES',14),(593,'RICAURTE',14),(594,'SAN  ANTONIO DEL  TEQUENDAMA',14),(595,'SAN BERNARDO',14),(596,'SAN CAYETANO',14),(597,'SAN FRANCISCO',14),(598,'SAN JUAN DE RIOSECO',14),(599,'SASAIMA',14),(600,'SESQUILÉ',14),(601,'SIBATÉ',14),(602,'SILVANIA',14),(603,'SIMIJACA',14),(604,'SOACHA',14),(605,'SOPO',14),(606,'SUBACHOQUE',14),(607,'SUESCA',14),(608,'SUPATÁ',14),(609,'SUSA',14),(610,'SUTATAUSA',14),(611,'TABIO',14),(612,'TAUSA',14),(613,'TENA',14),(614,'TENJO',14),(615,'TIBACUY',14),(616,'TIBIRITA',14),(617,'TOCAIMA',14),(618,'TOCANCIPÁ',14),(619,'TOPAIPÍ',14),(620,'UBALÁ',14),(621,'UBAQUE',14),(622,'UBATÉ',14),(623,'UNE',14),(624,'UTICA',14),(625,'VERGARA',14),(626,'VIANI',14),(627,'VILLA GOMEZ',14),(628,'VILLA PINZÓN',14),(629,'VILLETA',14),(630,'VIOTA',14),(631,'YACOPÍ',14),(632,'ZIPACÓN',14),(633,'ZIPAQUIRÁ',14),(634,'BARRANCO MINAS',15),(635,'CACAHUAL',15),(636,'INÍRIDA',15),(637,'LA GUADALUPE',15),(638,'MAPIRIPANA',15),(639,'MORICHAL',15),(640,'PANA PANA',15),(641,'PUERTO COLOMBIA',15),(642,'SAN FELIPE',15),(643,'CALAMAR',16),(644,'EL RETORNO',16),(645,'MIRAFLOREZ',16),(646,'SAN JOSÉ DEL GUAVIARE',16),(647,'ACEVEDO',17),(648,'AGRADO',17),(649,'AIPE',17),(650,'ALGECIRAS',17),(651,'ALTAMIRA',17),(652,'BARAYA',17),(653,'CAMPO ALEGRE',17),(654,'COLOMBIA',17),(655,'ELIAS',17),(656,'GARZÓN',17),(657,'GIGANTE',17),(658,'GUADALUPE',17),(659,'HOBO',17),(660,'IQUIRA',17),(661,'ISNOS',17),(662,'LA ARGENTINA',17),(663,'LA PLATA',17),(664,'NATAGA',17),(665,'NEIVA',17),(666,'OPORAPA',17),(667,'PAICOL',17),(668,'PALERMO',17),(669,'PALESTINA',17),(670,'PITAL',17),(671,'PITALITO',17),(672,'RIVERA',17),(673,'SALADO BLANCO',17),(674,'SAN AGUSTÍN',17),(675,'SANTA MARIA',17),(676,'SUAZA',17),(677,'TARQUI',17),(678,'TELLO',17),(679,'TERUEL',17),(680,'TESALIA',17),(681,'TIMANA',17),(682,'VILLAVIEJA',17),(683,'YAGUARA',17),(684,'ALBANIA',18),(685,'BARRANCAS',18),(686,'DIBULLA',18),(687,'DISTRACCIÓN',18),(688,'EL MOLINO',18),(689,'FONSECA',18),(690,'HATO NUEVO',18),(691,'LA JAGUA DEL PILAR',18),(692,'MAICAO',18),(693,'MANAURE',18),(694,'RIOHACHA',18),(695,'SAN JUAN DEL CESAR',18),(696,'URIBIA',18),(697,'URUMITA',18),(698,'VILLANUEVA',18),(699,'ALGARROBO',19),(700,'ARACATACA',19),(701,'ARIGUANI',19),(702,'CERRO SAN ANTONIO',19),(703,'CHIVOLO',19),(704,'CIENAGA',19),(705,'CONCORDIA',19),(706,'EL BANCO',19),(707,'EL PIÑON',19),(708,'EL RETEN',19),(709,'FUNDACION',19),(710,'GUAMAL',19),(711,'NUEVA GRANADA',19),(712,'PEDRAZA',19),(713,'PIJIÑO DEL CARMEN',19),(714,'PIVIJAY',19),(715,'PLATO',19),(716,'PUEBLO VIEJO',19),(717,'REMOLINO',19),(718,'SABANAS DE SAN ANGEL',19),(719,'SALAMINA',19),(720,'SAN SEBASTIAN DE BUENAVISTA',19),(721,'SAN ZENON',19),(722,'SANTA ANA',19),(723,'SANTA BARBARA DE PINTO',19),(724,'SANTA MARTA',19),(725,'SITIONUEVO',19),(726,'TENERIFE',19),(727,'ZAPAYAN',19),(728,'ZONA BANANERA',19),(729,'ACACIAS',20),(730,'BARRANCA DE UPIA',20),(731,'CABUYARO',20),(732,'CASTILLA LA NUEVA',20),(733,'CUBARRAL',20),(734,'CUMARAL',20),(735,'EL CALVARIO',20),(736,'EL CASTILLO',20),(737,'EL DORADO',20),(738,'FUENTE DE ORO',20),(739,'GRANADA',20),(740,'GUAMAL',20),(741,'LA MACARENA',20),(742,'LA URIBE',20),(743,'LEJANÍAS',20),(744,'MAPIRIPÁN',20),(745,'MESETAS',20),(746,'PUERTO CONCORDIA',20),(747,'PUERTO GAITÁN',20),(748,'PUERTO LLERAS',20),(749,'PUERTO LÓPEZ',20),(750,'PUERTO RICO',20),(751,'RESTREPO',20),(752,'SAN  JUAN DE ARAMA',20),(753,'SAN CARLOS GUAROA',20),(754,'SAN JUANITO',20),(755,'SAN MARTÍN',20),(756,'VILLAVICENCIO',20),(757,'VISTA HERMOSA',20),(758,'ALBAN',21),(759,'ALDAÑA',21),(760,'ANCUYA',21),(761,'ARBOLEDA',21),(762,'BARBACOAS',21),(763,'BELEN',21),(764,'BUESACO',21),(765,'CHACHAGUI',21),(766,'COLON GENOVA',21),(767,'CONSACA',21),(768,'CONTADERO',21),(769,'CORDOBA',21),(770,'CUASPUD',21),(771,'CUMBAL',21),(772,'CUMBITARA',21),(773,'EL CHARCO',21),(774,'EL PEÑOL',21),(775,'EL ROSARIO',21),(776,'EL TABLÓN',21),(777,'EL TAMBO',21),(778,'FUNES',21),(779,'GUACHUCAL',21),(780,'GUAITARILLA',21),(781,'GUALMATAN',21),(782,'ILES',21),(783,'IMUES',21),(784,'IPIALES',21),(785,'LA CRUZ',21),(786,'LA FLORIDA',21),(787,'LA LLANADA',21),(788,'LA TOLA',21),(789,'LA UNION',21),(790,'LEIVA',21),(791,'LINARES',21),(792,'LOS ANDES',21),(793,'MAGUI',21),(794,'MALLAMA',21),(795,'MOSQUEZA',21),(796,'NARIÑO',21),(797,'OLAYA HERRERA',21),(798,'OSPINA',21),(799,'PASTO',21),(800,'PIZARRO',21),(801,'POLICARPA',21),(802,'POTOSI',21),(803,'PROVIDENCIA',21),(804,'PUERRES',21),(805,'PUPIALES',21),(806,'RICAURTE',21),(807,'ROBERTO PAYAN',21),(808,'SAMANIEGO',21),(809,'SAN BERNARDO',21),(810,'SAN LORENZO',21),(811,'SAN PABLO',21),(812,'SAN PEDRO DE CARTAGO',21),(813,'SANDONA',21),(814,'SANTA BARBARA',21),(815,'SANTACRUZ',21),(816,'SAPUYES',21),(817,'TAMINANGO',21),(818,'TANGUA',21),(819,'TUMACO',21),(820,'TUQUERRES',21),(821,'YACUANQUER',21),(822,'ABREGO',22),(823,'ARBOLEDAS',22),(824,'BOCHALEMA',22),(825,'BUCARASICA',22),(826,'CÁCHIRA',22),(827,'CÁCOTA',22),(828,'CHINÁCOTA',22),(829,'CHITAGÁ',22),(830,'CONVENCIÓN',22),(831,'CÚCUTA',22),(832,'CUCUTILLA',22),(833,'DURANIA',22),(834,'EL CARMEN',22),(835,'EL TARRA',22),(836,'EL ZULIA',22),(837,'GRAMALOTE',22),(838,'HACARI',22),(839,'HERRÁN',22),(840,'LA ESPERANZA',22),(841,'LA PLAYA',22),(842,'LABATECA',22),(843,'LOS PATIOS',22),(844,'LOURDES',22),(845,'MUTISCUA',22),(846,'OCAÑA',22),(847,'PAMPLONA',22),(848,'PAMPLONITA',22),(849,'PUERTO SANTANDER',22),(850,'RAGONVALIA',22),(851,'SALAZAR',22),(852,'SAN CALIXTO',22),(853,'SAN CAYETANO',22),(854,'SANTIAGO',22),(855,'SARDINATA',22),(856,'SILOS',22),(857,'TEORAMA',22),(858,'TIBÚ',22),(859,'TOLEDO',22),(860,'VILLA CARO',22),(861,'VILLA DEL ROSARIO',22),(862,'COLÓN',23),(863,'MOCOA',23),(864,'ORITO',23),(865,'PUERTO ASÍS',23),(866,'PUERTO CAYCEDO',23),(867,'PUERTO GUZMÁN',23),(868,'PUERTO LEGUÍZAMO',23),(869,'SAN FRANCISCO',23),(870,'SAN MIGUEL',23),(871,'SANTIAGO',23),(872,'SIBUNDOY',23),(873,'VALLE DEL GUAMUEZ',23),(874,'VILLAGARZÓN',23),(875,'ARMENIA',24),(876,'BUENAVISTA',24),(877,'CALARCÁ',24),(878,'CIRCASIA',24),(879,'CÓRDOBA',24),(880,'FILANDIA',24),(881,'GÉNOVA',24),(882,'LA TEBAIDA',24),(883,'MONTENEGRO',24),(884,'PIJAO',24),(885,'QUIMBAYA',24),(886,'SALENTO',24),(887,'APIA',25),(888,'BALBOA',25),(889,'BELÉN DE UMBRÍA',25),(890,'DOS QUEBRADAS',25),(891,'GUATICA',25),(892,'LA CELIA',25),(893,'LA VIRGINIA',25),(894,'MARSELLA',25),(895,'MISTRATO',25),(896,'PEREIRA',25),(897,'PUEBLO RICO',25),(898,'QUINCHÍA',25),(899,'SANTA ROSA DE CABAL',25),(900,'SANTUARIO',25),(901,'PROVIDENCIA',26),(902,'SAN ANDRES',26),(903,'SANTA CATALINA',26),(904,'AGUADA',27),(905,'ALBANIA',27),(906,'ARATOCA',27),(907,'BARBOSA',27),(908,'BARICHARA',27),(909,'BARRANCABERMEJA',27),(910,'BETULIA',27),(911,'BOLÍVAR',27),(912,'BUCARAMANGA',27),(913,'CABRERA',27),(914,'CALIFORNIA',27),(915,'CAPITANEJO',27),(916,'CARCASI',27),(917,'CEPITA',27),(918,'CERRITO',27),(919,'CHARALÁ',27),(920,'CHARTA',27),(921,'CHIMA',27),(922,'CHIPATÁ',27),(923,'CIMITARRA',27),(924,'CONCEPCIÓN',27),(925,'CONFINES',27),(926,'CONTRATACIÓN',27),(927,'COROMORO',27),(928,'CURITÍ',27),(929,'EL CARMEN',27),(930,'EL GUACAMAYO',27),(931,'EL PEÑÓN',27),(932,'EL PLAYÓN',27),(933,'ENCINO',27),(934,'ENCISO',27),(935,'FLORIÁN',27),(936,'FLORIDABLANCA',27),(937,'GALÁN',27),(938,'GAMBITA',27),(939,'GIRÓN',27),(940,'GUACA',27),(941,'GUADALUPE',27),(942,'GUAPOTA',27),(943,'GUAVATÁ',27),(944,'GUEPSA',27),(945,'HATO',27),(946,'JESÚS MARIA',27),(947,'JORDÁN',27),(948,'LA BELLEZA',27),(949,'LA PAZ',27),(950,'LANDAZURI',27),(951,'LEBRIJA',27),(952,'LOS SANTOS',27),(953,'MACARAVITA',27),(954,'MÁLAGA',27),(955,'MATANZA',27),(956,'MOGOTES',27),(957,'MOLAGAVITA',27),(958,'OCAMONTE',27),(959,'OIBA',27),(960,'ONZAGA',27),(961,'PALMAR',27),(962,'PALMAS DEL SOCORRO',27),(963,'PÁRAMO',27),(964,'PIEDECUESTA',27),(965,'PINCHOTE',27),(966,'PUENTE NACIONAL',27),(967,'PUERTO PARRA',27),(968,'PUERTO WILCHES',27),(969,'RIONEGRO',27),(970,'SABANA DE TORRES',27),(971,'SAN ANDRÉS',27),(972,'SAN BENITO',27),(973,'SAN GIL',27),(974,'SAN JOAQUÍN',27),(975,'SAN JOSÉ DE MIRANDA',27),(976,'SAN MIGUEL',27),(977,'SAN VICENTE DE CHUCURÍ',27),(978,'SANTA BÁRBARA',27),(979,'SANTA HELENA',27),(980,'SIMACOTA',27),(981,'SOCORRO',27),(982,'SUAITA',27),(983,'SUCRE',27),(984,'SURATA',27),(985,'TONA',27),(986,'VALLE SAN JOSÉ',27),(987,'VÉLEZ',27),(988,'VETAS',27),(989,'VILLANUEVA',27),(990,'ZAPATOCA',27),(991,'BUENAVISTA',28),(992,'CAIMITO',28),(993,'CHALÁN',28),(994,'COLOSO',28),(995,'COROZAL',28),(996,'EL ROBLE',28),(997,'GALERAS',28),(998,'GUARANDA',28),(999,'LA UNIÓN',28),(1000,'LOS PALMITOS',28),(1001,'MAJAGUAL',28),(1002,'MORROA',28),(1003,'OVEJAS',28),(1004,'PALMITO',28),(1005,'SAMPUES',28),(1006,'SAN BENITO ABAD',28),(1007,'SAN JUAN DE BETULIA',28),(1008,'SAN MARCOS',28),(1009,'SAN ONOFRE',28),(1010,'SAN PEDRO',28),(1011,'SINCÉ',28),(1012,'SINCELEJO',28),(1013,'SUCRE',28),(1014,'TOLÚ',28),(1015,'TOLUVIEJO',28),(1016,'ALPUJARRA',29),(1017,'ALVARADO',29),(1018,'AMBALEMA',29),(1019,'ANZOATEGUI',29),(1020,'ARMERO GUAYABAL',29),(1021,'ATACO',29),(1022,'CAJAMARCA',29),(1023,'CARMEN DE APICALÁ',29),(1024,'CASABIANCA',29),(1025,'CHAPARRAL',29),(1026,'COELLO',29),(1027,'COYAIMA',29),(1028,'CUNDAY',29),(1029,'DOLORES',29),(1030,'ESPINAL',29),(1031,'FALÁN',29),(1032,'FLANDES',29),(1033,'FRESNO',29),(1034,'GUAMO',29),(1035,'HERVEO',29),(1036,'HONDA',29),(1037,'IBAGUÉ',29),(1038,'ICONONZO',29),(1039,'LÉRIDA',29),(1040,'LÍBANO',29),(1041,'MARIQUITA',29),(1042,'MELGAR',29),(1043,'MURILLO',29),(1044,'NATAGAIMA',29),(1045,'ORTEGA',29),(1046,'PALOCABILDO',29),(1047,'PIEDRAS PLANADAS',29),(1048,'PRADO',29),(1049,'PURIFICACIÓN',29),(1050,'RIOBLANCO',29),(1051,'RONCESVALLES',29),(1052,'ROVIRA',29),(1053,'SALDAÑA',29),(1054,'SAN ANTONIO',29),(1055,'SAN LUIS',29),(1056,'SANTA ISABEL',29),(1057,'SUÁREZ',29),(1058,'VALLE DE SAN JUAN',29),(1059,'VENADILLO',29),(1060,'VILLAHERMOSA',29),(1061,'VILLARRICA',29),(1062,'ALCALÁ',30),(1063,'ANDALUCÍA',30),(1064,'ANSERMA NUEVO',30),(1065,'ARGELIA',30),(1066,'BOLÍVAR',30),(1067,'BUENAVENTURA',30),(1068,'BUGA',30),(1069,'BUGALAGRANDE',30),(1070,'CAICEDONIA',30),(1071,'CALI',30),(1072,'CALIMA DARIEN',30),(1073,'CANDELARIA',30),(1074,'CARTAGO',30),(1075,'DAGUA',30),(1076,'EL AGUILA',30),(1077,'EL CAIRO',30),(1078,'EL CERRITO',30),(1079,'EL DOVIO',30),(1080,'FLORIDA',30),(1081,'GINEBRA GUACARI',30),(1082,'JAMUNDÍ',30),(1083,'LA CUMBRE',30),(1084,'LA UNIÓN',30),(1085,'LA VICTORIA',30),(1086,'OBANDO',30),(1087,'PALMIRA',30),(1088,'PRADERA',30),(1089,'RESTREPO',30),(1090,'RIO FRÍO',30),(1091,'ROLDANILLO',30),(1092,'SAN PEDRO',30),(1093,'SEVILLA',30),(1094,'TORO',30),(1095,'TRUJILLO',30),(1096,'TULÚA',30),(1097,'ULLOA',30),(1098,'VERSALLES',30),(1099,'VIJES',30),(1100,'YOTOCO',30),(1101,'YUMBO',30),(1102,'ZARZAL',30),(1103,'CARURÚ',31),(1104,'MITÚ',31),(1105,'PACOA',31),(1106,'PAPUNAUA',31),(1107,'TARAIRA',31),(1108,'YAVARATÉ',31),(1109,'CUMARIBO',32),(1110,'LA PRIMAVERA',32),(1111,'PUERTO CARREÑO',32),(1112,'SANTA ROSALIA',32);
/*!40000 ALTER TABLE `municipio` ENABLE KEYS */;
UNLOCK TABLES;

--
-- Table structure for table `ordencompraarticulos`
--

DROP TABLE IF EXISTS `ordencompraarticulos`;
SET @saved_cs_client     = @@character_set_client;
SET character_set_client = utf8;
CREATE TABLE `ordencompraarticulos` (
  `IDORDENCOMPRA` int(11) NOT NULL AUTO_INCREMENT,
  `COMPRA` int(11) DEFAULT NULL,
  `IDENTIFICACIONPROV` varchar(255) DEFAULT NULL,
  `ESTADO` varchar(255) DEFAULT NULL,
  `FECHAPAGOPACTADO` datetime DEFAULT NULL,
  `FECHAENTREGAESPERADA` datetime DEFAULT NULL,
  `ITEM` int(11) DEFAULT NULL,
  `ESTADOACTIVIDAD` varchar(255) DEFAULT NULL,
  `FECHAGENERACION` datetime DEFAULT NULL,
  `OBSERVACIONES` varchar(255) DEFAULT NULL,
  `TOTALORDENCOMPRA` double DEFAULT NULL,
  PRIMARY KEY (`IDORDENCOMPRA`)
) ENGINE=InnoDB DEFAULT CHARSET=latin1;
SET character_set_client = @saved_cs_client;

--
-- Dumping data for table `ordencompraarticulos`
--

LOCK TABLES `ordencompraarticulos` WRITE;
/*!40000 ALTER TABLE `ordencompraarticulos` DISABLE KEYS */;
/*!40000 ALTER TABLE `ordencompraarticulos` ENABLE KEYS */;
UNLOCK TABLES;

--
-- Table structure for table `pagoabonocxp`
--

DROP TABLE IF EXISTS `pagoabonocxp`;
SET @saved_cs_client     = @@character_set_client;
SET character_set_client = utf8;
CREATE TABLE `pagoabonocxp` (
  `IDABONO` int(11) NOT NULL AUTO_INCREMENT,
  `TOTALABONADO` double DEFAULT NULL,
  `SALDOPAGAR` double DEFAULT NULL,
  `FECHAGENERACION` datetime DEFAULT NULL,
  `OBSERVACIONES` varchar(255) DEFAULT NULL,
  `ESTADOANULAR` varchar(255) DEFAULT NULL,
  `VALORPAGO1` double DEFAULT NULL,
  `VALORPAGO2` double DEFAULT NULL,
  `TOTALDEVOLUCIONES` double DEFAULT NULL,
  `PAGOABONO` double DEFAULT NULL,
  `TOTALANTICIPOS` double DEFAULT NULL,
  `FECHAPAGO` datetime DEFAULT NULL,
  `MEDIOPAGOPROV1_IDMEDIOPAGOPROV` int(11) DEFAULT NULL,
  `CUENTAXPAGAR_IDCUENTAXPAGAR` int(11) DEFAULT NULL,
  `MEDIOPAGOPROV2_IDMEDIOPAGOPROV` int(11) DEFAULT NULL,
  PRIMARY KEY (`IDABONO`),
  KEY `FK_PAGOABONOCXP_MEDIOPAGOPROV1_IDMEDIOPAGOPROV` (`MEDIOPAGOPROV1_IDMEDIOPAGOPROV`),
  KEY `FK_PAGOABONOCXP_CUENTAXPAGAR_IDCUENTAXPAGAR` (`CUENTAXPAGAR_IDCUENTAXPAGAR`),
  KEY `FK_PAGOABONOCXP_MEDIOPAGOPROV2_IDMEDIOPAGOPROV` (`MEDIOPAGOPROV2_IDMEDIOPAGOPROV`),
  CONSTRAINT `FK_PAGOABONOCXP_MEDIOPAGOPROV2_IDMEDIOPAGOPROV` FOREIGN KEY (`MEDIOPAGOPROV2_IDMEDIOPAGOPROV`) REFERENCES `mediopagoprov` (`IDMEDIOPAGOPROV`),
  CONSTRAINT `FK_PAGOABONOCXP_CUENTAXPAGAR_IDCUENTAXPAGAR` FOREIGN KEY (`CUENTAXPAGAR_IDCUENTAXPAGAR`) REFERENCES `cuentaxpagar` (`IDCUENTAXPAGAR`),
  CONSTRAINT `FK_PAGOABONOCXP_MEDIOPAGOPROV1_IDMEDIOPAGOPROV` FOREIGN KEY (`MEDIOPAGOPROV1_IDMEDIOPAGOPROV`) REFERENCES `mediopagoprov` (`IDMEDIOPAGOPROV`)
) ENGINE=InnoDB DEFAULT CHARSET=latin1;
SET character_set_client = @saved_cs_client;

--
-- Dumping data for table `pagoabonocxp`
--

LOCK TABLES `pagoabonocxp` WRITE;
/*!40000 ALTER TABLE `pagoabonocxp` DISABLE KEYS */;
/*!40000 ALTER TABLE `pagoabonocxp` ENABLE KEYS */;
UNLOCK TABLES;

--
-- Table structure for table `persona`
--

DROP TABLE IF EXISTS `persona`;
SET @saved_cs_client     = @@character_set_client;
SET character_set_client = utf8;
CREATE TABLE `persona` (
  `IDENTIFICACION` varchar(255) NOT NULL,
  `DTYPE` varchar(31) DEFAULT NULL,
  `NOMBRE` varchar(255) DEFAULT NULL,
  `DIRECCION` varchar(255) DEFAULT NULL,
  `EMAIL` varchar(255) DEFAULT NULL,
  `TIPOPERSONA` varchar(255) DEFAULT NULL,
  `TELEFONO` varchar(255) DEFAULT NULL,
  `OBSERVACIONES` varchar(255) DEFAULT NULL,
  `PAGINAWEB` varchar(255) DEFAULT NULL,
  `CELULAR` varchar(255) DEFAULT NULL,
  `MUNICIPIO_IDMUNICIPIO` int(11) DEFAULT NULL,
  PRIMARY KEY (`IDENTIFICACION`),
  KEY `FK_PERSONA_MUNICIPIO_IDMUNICIPIO` (`MUNICIPIO_IDMUNICIPIO`),
  CONSTRAINT `FK_PERSONA_MUNICIPIO_IDMUNICIPIO` FOREIGN KEY (`MUNICIPIO_IDMUNICIPIO`) REFERENCES `municipio` (`IDMUNICIPIO`)
) ENGINE=InnoDB DEFAULT CHARSET=latin1;
SET character_set_client = @saved_cs_client;

--
-- Dumping data for table `persona`
--

LOCK TABLES `persona` WRITE;
/*!40000 ALTER TABLE `persona` DISABLE KEYS */;
INSERT INTO `persona` VALUES ('0000000001','Cliente','VENTAS DE CONTADO Y/O MOSTRADOR','','',NULL,'','','',NULL,26),('10949338120','Vendedor','Jose Gregorio Gonzales','','',NULL,'',NULL,NULL,NULL,26);
/*!40000 ALTER TABLE `persona` ENABLE KEYS */;
UNLOCK TABLES;

--
-- Table structure for table `proveedor`
--

DROP TABLE IF EXISTS `proveedor`;
SET @saved_cs_client     = @@character_set_client;
SET character_set_client = utf8;
CREATE TABLE `proveedor` (
  `IDENTIFICACION` varchar(255) NOT NULL,
  `TIPOPROVEEDOR` varchar(255) DEFAULT NULL,
  `ABREVIATURA` varchar(255) DEFAULT NULL,
  `ESTADO` varchar(255) DEFAULT NULL,
  `REGIMEN` varchar(255) DEFAULT NULL,
  PRIMARY KEY (`IDENTIFICACION`),
  CONSTRAINT `FK_PROVEEDOR_IDENTIFICACION` FOREIGN KEY (`IDENTIFICACION`) REFERENCES `persona` (`IDENTIFICACION`)
) ENGINE=InnoDB DEFAULT CHARSET=latin1;
SET character_set_client = @saved_cs_client;

--
-- Dumping data for table `proveedor`
--

LOCK TABLES `proveedor` WRITE;
/*!40000 ALTER TABLE `proveedor` DISABLE KEYS */;
/*!40000 ALTER TABLE `proveedor` ENABLE KEYS */;
UNLOCK TABLES;

--
-- Table structure for table `recibocaja`
--

DROP TABLE IF EXISTS `recibocaja`;
SET @saved_cs_client     = @@character_set_client;
SET character_set_client = utf8;
CREATE TABLE `recibocaja` (
  `IDRECIBOCAJA` int(11) NOT NULL AUTO_INCREMENT,
  `FECHAANULACION` datetime DEFAULT NULL,
  `TOTALDOCS` double DEFAULT NULL,
  `ESTADOACTIVIDAD` varchar(255) DEFAULT NULL,
  `FECHAGENERACION` datetime DEFAULT NULL,
  `TOTALNCREDITO` double DEFAULT NULL,
  `TOTALRECIBIDO` double DEFAULT NULL,
  `OBSERVACIONES` varchar(255) DEFAULT NULL,
  `FECHARECAUDO` datetime DEFAULT NULL,
  `FECHAVENTA` datetime DEFAULT NULL,
  PRIMARY KEY (`IDRECIBOCAJA`)
) ENGINE=InnoDB DEFAULT CHARSET=latin1;
SET character_set_client = @saved_cs_client;

--
-- Dumping data for table `recibocaja`
--

LOCK TABLES `recibocaja` WRITE;
/*!40000 ALTER TABLE `recibocaja` DISABLE KEYS */;
/*!40000 ALTER TABLE `recibocaja` ENABLE KEYS */;
UNLOCK TABLES;

--
-- Table structure for table `recordatorio`
--

DROP TABLE IF EXISTS `recordatorio`;
SET @saved_cs_client     = @@character_set_client;
SET character_set_client = utf8;
CREATE TABLE `recordatorio` (
  `IDALERTAS` int(11) NOT NULL AUTO_INCREMENT,
  `DIASVENCIMIENTO` int(11) DEFAULT NULL,
  `DIASCARTERA` int(11) DEFAULT NULL,
  `DIASCXP` int(11) DEFAULT NULL,
  `MOSTRARALINICIO` tinyint(1) DEFAULT '0',
  PRIMARY KEY (`IDALERTAS`)
) ENGINE=InnoDB AUTO_INCREMENT=2 DEFAULT CHARSET=latin1;
SET character_set_client = @saved_cs_client;

--
-- Dumping data for table `recordatorio`
--

LOCK TABLES `recordatorio` WRITE;
/*!40000 ALTER TABLE `recordatorio` DISABLE KEYS */;
INSERT INTO `recordatorio` VALUES (1,30,10,10,1);
/*!40000 ALTER TABLE `recordatorio` ENABLE KEYS */;
UNLOCK TABLES;

--
-- Table structure for table `tipocliente`
--

DROP TABLE IF EXISTS `tipocliente`;
SET @saved_cs_client     = @@character_set_client;
SET character_set_client = utf8;
CREATE TABLE `tipocliente` (
  `IDTIPOCLIENTE` int(11) NOT NULL AUTO_INCREMENT,
  `DESCRIPCION` varchar(255) DEFAULT NULL,
  PRIMARY KEY (`IDTIPOCLIENTE`)
) ENGINE=InnoDB AUTO_INCREMENT=2 DEFAULT CHARSET=latin1;
SET character_set_client = @saved_cs_client;

--
-- Dumping data for table `tipocliente`
--

LOCK TABLES `tipocliente` WRITE;
/*!40000 ALTER TABLE `tipocliente` DISABLE KEYS */;
INSERT INTO `tipocliente` VALUES (1,'PARTICULAR');
/*!40000 ALTER TABLE `tipocliente` ENABLE KEYS */;
UNLOCK TABLES;

--
-- Table structure for table `unidadmedida`
--

DROP TABLE IF EXISTS `unidadmedida`;
SET @saved_cs_client     = @@character_set_client;
SET character_set_client = utf8;
CREATE TABLE `unidadmedida` (
  `CODIGO` int(11) NOT NULL AUTO_INCREMENT,
  `NOMBRE` varchar(255) DEFAULT NULL,
  `ABREVIATURA` varchar(255) DEFAULT NULL,
  PRIMARY KEY (`CODIGO`)
) ENGINE=InnoDB DEFAULT CHARSET=latin1;
SET character_set_client = @saved_cs_client;

--
-- Dumping data for table `unidadmedida`
--

LOCK TABLES `unidadmedida` WRITE;
/*!40000 ALTER TABLE `unidadmedida` DISABLE KEYS */;
/*!40000 ALTER TABLE `unidadmedida` ENABLE KEYS */;
UNLOCK TABLES;

--
-- Table structure for table `vendedor`
--

DROP TABLE IF EXISTS `vendedor`;
SET @saved_cs_client     = @@character_set_client;
SET character_set_client = utf8;
CREATE TABLE `vendedor` (
  `IDENTIFICACION` varchar(255) NOT NULL,
  `ESTADO` varchar(255) DEFAULT NULL,
  `PROFESION` varchar(255) DEFAULT NULL,
  `ESTADOCIVIL` varchar(255) DEFAULT NULL,
  `SEXO` varchar(255) DEFAULT NULL,
  `HIJOS` tinyint(4) DEFAULT NULL,
  `FECHANACIMIENTO` datetime DEFAULT NULL,
  PRIMARY KEY (`IDENTIFICACION`),
  CONSTRAINT `FK_VENDEDOR_IDENTIFICACION` FOREIGN KEY (`IDENTIFICACION`) REFERENCES `persona` (`IDENTIFICACION`)
) ENGINE=InnoDB DEFAULT CHARSET=latin1;
SET character_set_client = @saved_cs_client;

--
-- Dumping data for table `vendedor`
--

LOCK TABLES `vendedor` WRITE;
/*!40000 ALTER TABLE `vendedor` DISABLE KEYS */;
INSERT INTO `vendedor` VALUES ('10949338120','Activo','Comerciante','CASADO','MASCULINO',1,'2016-09-16 21:10:07');
/*!40000 ALTER TABLE `vendedor` ENABLE KEYS */;
UNLOCK TABLES;

--
-- Table structure for table `ventaarticulos`
--

DROP TABLE IF EXISTS `ventaarticulos`;
SET @saved_cs_client     = @@character_set_client;
SET character_set_client = utf8;
CREATE TABLE `ventaarticulos` (
  `IDVENTA` int(11) NOT NULL AUTO_INCREMENT,
  `TOTALVENTA` double DEFAULT NULL,
  `FECHAGENERACION` datetime DEFAULT NULL,
  `ESTADOPAGO` varchar(255) DEFAULT NULL,
  `OBSERVACIONES` varchar(255) DEFAULT NULL,
  `SUBTOTAL` double DEFAULT NULL,
  `DESCUENTO` double DEFAULT NULL,
  `ORDCOMPRA` int(11) DEFAULT NULL,
  `FECHAANULACION` datetime DEFAULT NULL,
  `ITEMS` int(11) DEFAULT NULL,
  `FECHALIMITEPAGO` datetime DEFAULT NULL,
  `ESTADOACTIVIDAD` varchar(255) DEFAULT NULL,
  `PEDIDO` int(11) DEFAULT NULL,
  `COSTOVENTA` double DEFAULT NULL,
  `CLIENTES_IDENTIFICACION` varchar(255) DEFAULT NULL,
  `FORMAPAGOCLIENTE_IDFORMAPAGOCLIENTE` int(11) DEFAULT NULL,
  `VENDEDORES_IDENTIFICACION` varchar(255) DEFAULT NULL,
  PRIMARY KEY (`IDVENTA`),
  KEY `VENTAARTICULOS_FORMAPAGOCLIENTE_IDFORMAPAGOCLIENTE` (`FORMAPAGOCLIENTE_IDFORMAPAGOCLIENTE`),
  KEY `FK_VENTAARTICULOS_VENDEDORES_IDENTIFICACION` (`VENDEDORES_IDENTIFICACION`),
  KEY `FK_VENTAARTICULOS_CLIENTES_IDENTIFICACION` (`CLIENTES_IDENTIFICACION`),
  CONSTRAINT `FK_VENTAARTICULOS_CLIENTES_IDENTIFICACION` FOREIGN KEY (`CLIENTES_IDENTIFICACION`) REFERENCES `persona` (`IDENTIFICACION`),
  CONSTRAINT `FK_VENTAARTICULOS_VENDEDORES_IDENTIFICACION` FOREIGN KEY (`VENDEDORES_IDENTIFICACION`) REFERENCES `persona` (`IDENTIFICACION`),
  CONSTRAINT `VENTAARTICULOS_FORMAPAGOCLIENTE_IDFORMAPAGOCLIENTE` FOREIGN KEY (`FORMAPAGOCLIENTE_IDFORMAPAGOCLIENTE`) REFERENCES `formapagocliente` (`IDFORMAPAGOCLIENTE`)
) ENGINE=InnoDB DEFAULT CHARSET=latin1;
SET character_set_client = @saved_cs_client;

--
-- Dumping data for table `ventaarticulos`
--

LOCK TABLES `ventaarticulos` WRITE;
/*!40000 ALTER TABLE `ventaarticulos` DISABLE KEYS */;
/*!40000 ALTER TABLE `ventaarticulos` ENABLE KEYS */;
UNLOCK TABLES;

--
-- Table structure for table `ventaarticulos_recibocaja`
--

DROP TABLE IF EXISTS `ventaarticulos_recibocaja`;
SET @saved_cs_client     = @@character_set_client;
SET character_set_client = utf8;
CREATE TABLE `ventaarticulos_recibocaja` (
  `ventaArticulos_IDVENTA` int(11) NOT NULL,
  `reciboCaja_IDRECIBOCAJA` int(11) NOT NULL,
  PRIMARY KEY (`ventaArticulos_IDVENTA`,`reciboCaja_IDRECIBOCAJA`),
  KEY `VENTAARTICULOS_RECIBOCAJA_reciboCaja_IDRECIBOCAJA` (`reciboCaja_IDRECIBOCAJA`),
  CONSTRAINT `VENTAARTICULOS_RECIBOCAJA_ventaArticulos_IDVENTA` FOREIGN KEY (`ventaArticulos_IDVENTA`) REFERENCES `ventaarticulos` (`IDVENTA`),
  CONSTRAINT `VENTAARTICULOS_RECIBOCAJA_reciboCaja_IDRECIBOCAJA` FOREIGN KEY (`reciboCaja_IDRECIBOCAJA`) REFERENCES `recibocaja` (`IDRECIBOCAJA`)
) ENGINE=InnoDB DEFAULT CHARSET=latin1;
SET character_set_client = @saved_cs_client;

--
-- Dumping data for table `ventaarticulos_recibocaja`
--

LOCK TABLES `ventaarticulos_recibocaja` WRITE;
/*!40000 ALTER TABLE `ventaarticulos_recibocaja` DISABLE KEYS */;
/*!40000 ALTER TABLE `ventaarticulos_recibocaja` ENABLE KEYS */;
UNLOCK TABLES;
/*!40103 SET TIME_ZONE=@OLD_TIME_ZONE */;

/*!40101 SET SQL_MODE=@OLD_SQL_MODE */;
/*!40014 SET FOREIGN_KEY_CHECKS=@OLD_FOREIGN_KEY_CHECKS */;
/*!40014 SET UNIQUE_CHECKS=@OLD_UNIQUE_CHECKS */;
/*!40101 SET CHARACTER_SET_CLIENT=@OLD_CHARACTER_SET_CLIENT */;
/*!40101 SET CHARACTER_SET_RESULTS=@OLD_CHARACTER_SET_RESULTS */;
/*!40101 SET COLLATION_CONNECTION=@OLD_COLLATION_CONNECTION */;
/*!40111 SET SQL_NOTES=@OLD_SQL_NOTES */;

-- Dump completed on 2016-09-17  2:12:14
